Date,Temperature (C),Humidity (%),Wind Speed (km/h),Pressure (hPa),Rainfall (mm),Weather Condition
2019-01-01,10.0,83.2,32.4,1000.9,0.6,Drizzle
2019-01-02,11.9,77.3,26.8,1005.7,0.3,Drizzle
2019-01-03,4.9,91.8,27.5,996.4,0.4,Drizzle
2019-01-04,10.6,85.3,26.7,1002.8,0.6,Drizzle
2019-01-05,8.5,75.2,25.9,1008.6,,Drizzle
2019-01-06,12.4,84.9,38.4,1015.5,0.2,Drizzle
2019-01-07,7.1,97.5,27.3,999.5,0.7,Drizzle
2019-01-08,11.9,81.0,26.2,1005.0,0.2,Drizzle
2019-01-09,5.0,76.6,32.1,1016.7,0.6,Drizzle
2019-01-10,8.7,100.0,28.9,1002.8,0.0,Cloudy
2019-01-11,9.3,82.2,27.3,1016.2,0.7,Drizzle
2019-01-12,3.9,87.4,26.2,1008.0,0.8,Drizzle
2019-01-13,9.5,94.7,33.5,1007.8,0.3,Drizzle
2019-01-14,8.0,59.6,26.5,1011.8,1.4,Partly Cloudy
2019-01-15,6.1,100.0,43.0,992.6,0.0,Cloudy
2019-01-16,18.1,76.2,25.9,1012.6,0.1,Drizzle
2019-01-17,6.9,94.8,31.6,1015.3,0.0,Cloudy
2019-01-18,17.4,95.7,25.1,1010.6,0.5,Drizzle
2019-01-19,6.6,100.0,38.7,1002.2,0.5,Drizzle
2019-01-20,11.9,96.7,26.3,1029.3,0.2,Drizzle
2019-01-21,11.9,86.0,35.7,1017.3,0.0,Partly Cloudy
2019-01-22,13.2,100.0,30.0,1014.0,0.1,Drizzle
2019-01-23,13.1,94.8,34.1,1020.5,0.2,Drizzle
2019-01-24,7.9,85.5,35.7,1015.1,0.3,Drizzle
2019-01-25,5.7,87.7,,1001.5,,Cloudy
2019-01-26,13.3,,41.0,1006.7,0.2,Drizzle
2019-01-27,7.7,81.3,28.4,1011.5,0.5,Drizzle
2019-01-28,11.6,83.9,34.7,1002.3,0.6,Drizzle
2019-01-29,14.4,75.0,32.5,1024.9,0.6,Drizzle
2019-01-30,15.4,77.1,26.4,1015.7,0.0,Sunny
2019-01-31,13.9,65.4,24.1,1001.6,0.1,Sunny
2019-02-01,12.2,83.3,,1007.7,1.9,Drizzle
2019-02-02,15.5,73.9,25.4,1002.6,0.3,Drizzle
2019-02-03,15.1,75.8,27.7,1006.8,0.2,Drizzle
2019-02-04,13.5,98.3,28.3,994.5,1.1,Drizzle
2019-02-05,9.9,89.1,26.7,1014.7,0.3,Drizzle
2019-02-06,5.6,75.1,28.2,1006.1,0.3,Drizzle
2019-02-07,7.7,76.6,23.7,1012.3,0.4,Drizzle
2019-02-08,6.3,100.0,28.3,1019.2,1.6,Drizzle
2019-02-09,15.2,83.2,23.5,1006.5,0.0,Cloudy
2019-02-10,11.1,80.2,28.9,1017.1,0.2,Drizzle
2019-02-11,15.7,87.5,46.2,1008.1,0.7,Drizzle
2019-02-12,19.1,72.9,29.8,1019.9,0.2,Drizzle
2019-02-13,12.8,78.2,38.4,1016.4,0.3,Drizzle
2019-02-14,14.8,72.7,26.6,1007.4,0.6,Drizzle
2019-02-15,20.1,85.4,32.5,1011.9,0.1,Drizzle
2019-02-16,8.9,86.3,26.7,1010.4,0.6,Drizzle
2019-02-17,18.4,92.7,23.6,999.2,0.1,Drizzle
2019-02-18,20.4,81.0,29.4,1015.6,0.3,Drizzle
2019-02-19,17.8,78.9,24.8,996.6,0.0,Partly Cloudy
2019-02-20,18.3,67.3,22.2,1004.2,0.7,Cloudy
2019-02-21,20.9,74.4,22.3,1001.5,0.5,Drizzle
2019-02-22,13.1,73.4,23.8,1001.8,0.2,Drizzle
2019-02-23,10.7,100.0,34.0,990.5,5.2,Rainy
2019-02-24,17.4,,23.7,1008.5,0.0,Cloudy
2019-02-25,20.7,79.5,28.1,1024.8,0.6,Drizzle
2019-02-26,11.9,76.7,22.2,999.6,0.7,Drizzle
2019-02-27,15.9,45.1,29.9,1011.4,1.7,Partly Cloudy
2019-02-28,15.1,100.0,23.6,1016.4,0.5,Drizzle
2019-03-01,17.4,70.0,27.2,1004.3,1.2,Partly Cloudy
2019-03-02,20.9,82.3,23.6,1014.3,0.1,Drizzle
2019-03-03,22.0,79.9,23.5,987.2,0.6,Drizzle
2019-03-04,15.3,97.1,30.7,1011.9,0.9,Drizzle
2019-03-05,20.0,74.2,24.2,1002.2,1.1,Drizzle
2019-03-06,14.2,69.6,20.5,1024.6,0.2,Partly Cloudy
2019-03-07,18.8,79.4,41.3,1005.2,0.1,Drizzle
2019-03-08,25.1,75.0,20.1,1017.6,0.3,Drizzle
2019-03-09,22.3,67.0,23.8,1009.6,0.2,Sunny
2019-03-10,18.3,99.7,23.9,1016.2,0.2,Drizzle
2019-03-11,26.6,73.6,20.8,1009.8,1.4,Drizzle
2019-03-12,18.2,71.8,20.1,1002.1,0.3,Drizzle
2019-03-13,17.2,76.5,36.5,1002.6,0.1,Drizzle
2019-03-14,22.2,76.9,23.0,997.4,0.2,Drizzle
2019-03-15,22.6,58.2,19.4,1005.9,0.4,Partly Cloudy
2019-03-16,18.5,78.3,20.7,1006.6,0.5,Drizzle
2019-03-17,23.7,55.9,31.8,1003.1,1.4,Partly Cloudy
2019-03-18,23.0,90.0,27.6,1010.0,0.1,Drizzle
2019-03-19,20.0,79.5,20.5,1024.8,0.8,Drizzle
2019-03-20,19.4,54.8,19.9,1015.4,0.2,Sunny
2019-03-21,21.2,66.8,32.1,1007.5,0.1,Cloudy
2019-03-22,25.6,72.9,25.6,1003.1,0.0,Cloudy
2019-03-23,19.5,73.5,26.3,1015.1,0.8,Drizzle
2019-03-24,25.4,63.1,24.0,1024.0,0.2,Sunny
2019-03-25,23.9,55.7,20.5,1022.7,0.5,Partly Cloudy
2019-03-26,23.6,81.0,23.3,1012.0,0.5,Drizzle
2019-03-27,19.5,78.8,30.2,1006.9,2.1,Drizzle
2019-03-28,23.9,84.4,21.5,1003.7,0.0,Cloudy
2019-03-29,21.9,83.6,29.5,986.4,0.7,Drizzle
2019-03-30,23.3,58.9,17.5,1006.0,0.2,Sunny
2019-03-31,23.8,70.9,17.1,1000.6,0.5,Drizzle
2019-04-01,21.9,81.8,27.9,1002.7,0.4,Drizzle
2019-04-02,23.0,71.7,20.1,1015.2,0.4,Drizzle
2019-04-03,26.1,69.2,30.8,995.9,0.0,Partly Cloudy
2019-04-04,31.5,66.5,17.3,1012.1,0.0,Partly Cloudy
2019-04-05,27.3,60.2,17.3,1006.9,0.9,Sunny
2019-04-06,27.4,64.1,27.2,1003.3,0.3,Partly Cloudy
2019-04-07,21.7,67.1,18.1,999.0,0.4,Sunny
2019-04-08,32.4,76.4,23.6,1007.8,0.2,Drizzle
2019-04-09,21.8,82.6,16.2,998.9,0.4,Drizzle
2019-04-10,28.7,64.9,15.4,1014.7,0.5,Sunny
2019-04-11,26.4,79.5,17.6,1004.1,0.0,Partly Cloudy
2019-04-12,24.6,57.7,17.2,1000.8,0.4,Sunny
2019-04-13,27.7,72.2,16.1,1005.2,0.2,Drizzle
2019-04-14,27.3,70.4,20.6,1019.0,0.9,Drizzle
2019-04-15,24.0,82.7,19.1,1002.3,0.1,Drizzle
2019-04-16,30.2,72.2,22.8,1018.1,0.9,Drizzle
2019-04-17,22.9,73.7,36.4,1013.4,1.2,Drizzle
2019-04-18,24.0,62.6,27.2,1021.7,0.9,Partly Cloudy
2019-04-19,29.0,64.8,15.5,1005.3,0.2,Sunny
2019-04-20,29.4,79.4,24.9,993.1,0.0,Partly Cloudy
2019-04-21,29.4,79.7,27.9,1016.8,,Drizzle
2019-04-22,20.6,59.3,20.5,994.7,0.2,Partly Cloudy
2019-04-23,22.8,62.3,19.4,1017.1,0.5,Partly Cloudy
2019-04-24,32.1,78.6,17.2,1020.1,0.1,Drizzle
2019-04-25,27.7,82.3,13.8,1002.4,0.1,Drizzle
2019-04-26,33.8,58.5,17.2,1009.1,0.0,Partly Cloudy
2019-04-27,32.2,77.7,17.2,1005.3,0.6,Drizzle
2019-04-28,28.0,65.0,22.7,1001.1,0.4,Cloudy
2019-04-29,33.1,84.6,14.6,1011.6,1.0,Drizzle
2019-04-30,32.4,71.7,18.6,1020.4,0.1,Drizzle
2019-05-01,30.5,69.7,14.9,1005.5,0.4,Partly Cloudy
2019-05-02,32.7,68.4,,1012.2,0.4,Cloudy
2019-05-03,32.3,82.5,29.1,1014.2,0.0,Cloudy
2019-05-04,33.0,67.5,14.6,1002.6,1.0,Cloudy
2019-05-05,29.8,72.5,19.5,1002.2,0.3,Drizzle
2019-05-06,35.7,51.7,20.2,1005.9,0.0,Sunny
2019-05-07,31.4,56.0,26.6,1021.8,2.1,Sunny
2019-05-08,29.9,61.6,12.3,1000.8,1.0,Sunny
2019-05-09,33.4,63.6,19.5,1015.7,0.1,Sunny
2019-05-10,37.3,75.3,15.2,1011.1,0.1,Drizzle
2019-05-11,33.2,59.2,13.4,1008.0,0.0,Sunny
2019-05-12,32.8,50.5,17.7,1017.7,0.0,Sunny
2019-05-13,33.1,54.5,16.5,1019.8,0.2,Sunny
2019-05-14,33.4,55.9,15.8,1010.9,0.1,Sunny
2019-05-15,38.3,71.2,11.7,1025.0,0.8,Drizzle
2019-05-16,35.9,65.0,19.9,1023.6,0.4,Sunny
2019-05-17,30.0,63.3,19.1,1016.1,0.1,Partly Cloudy
2019-05-18,35.3,53.1,17.0,1014.1,1.0,Partly Cloudy
2019-05-19,27.4,61.7,13.5,1014.9,0.3,Partly Cloudy
2019-05-20,32.4,50.4,15.6,1010.3,0.7,Sunny
2019-05-21,35.3,61.4,14.4,1013.2,0.2,Sunny
2019-05-22,24.3,76.9,12.5,1004.6,0.7,Drizzle
2019-05-23,34.2,70.0,12.3,,0.1,Sunny
2019-05-24,38.8,58.1,11.1,1009.8,0.3,Partly Cloudy
2019-05-25,38.2,64.4,12.0,1005.5,1.4,Sunny
2019-05-26,32.3,74.1,12.6,1006.9,0.1,Drizzle
2019-05-27,35.3,68.9,20.8,,0.1,Partly Cloudy
2019-05-28,34.4,55.7,16.2,1013.5,1.0,Sunny
2019-05-29,34.9,84.7,15.4,1013.5,0.1,Drizzle
2019-05-30,39.2,77.6,11.1,1003.0,0.8,Drizzle
2019-05-31,37.1,66.5,13.1,1015.5,0.8,Sunny
2019-06-01,37.7,63.6,10.5,998.3,0.3,Sunny
2019-06-02,29.9,65.6,12.7,1025.9,0.2,Cloudy
2019-06-03,43.3,53.4,12.4,1006.0,0.4,Sunny
2019-06-04,37.8,68.1,16.6,1016.5,0.0,Cloudy
2019-06-05,35.3,64.0,11.8,999.2,0.8,Sunny
2019-06-06,40.9,67.6,11.8,1001.1,0.1,Sunny
2019-06-07,32.2,68.4,11.7,1002.0,0.8,Sunny
2019-06-08,37.3,64.2,14.8,,0.5,Sunny
2019-06-09,33.4,63.1,11.5,1013.7,0.9,Sunny
2019-06-10,36.6,55.5,13.1,1001.7,0.1,Sunny
2019-06-11,37.3,75.0,14.1,1020.6,0.5,Drizzle
2019-06-12,33.0,82.6,12.9,1020.0,0.4,Drizzle
2019-06-13,34.0,54.4,12.3,1004.7,0.0,Partly Cloudy
2019-06-14,39.5,62.1,15.3,995.1,2.6,Sunny
2019-06-15,31.7,64.6,10.3,1025.3,0.1,Sunny
2019-06-16,32.8,67.2,13.0,1007.5,1.3,Partly Cloudy
2019-06-17,38.1,,19.2,1023.1,0.0,Partly Cloudy
2019-06-18,37.8,68.2,16.2,999.3,0.3,Sunny
2019-06-19,37.8,70.7,13.4,1010.0,0.2,Drizzle
2019-06-20,36.9,66.3,17.8,1004.9,0.6,Partly Cloudy
2019-06-21,34.8,75.6,10.7,1020.4,0.7,Drizzle
2019-06-22,27.2,71.5,10.8,1004.0,1.7,Drizzle
2019-06-23,37.8,63.0,12.9,994.9,0.1,Sunny
2019-06-24,35.2,79.3,10.3,1003.3,0.1,Drizzle
2019-06-25,33.5,66.0,38.6,1005.2,0.2,Sunny
2019-06-26,32.3,64.7,,998.2,0.9,Partly Cloudy
2019-06-27,29.6,68.6,13.3,1006.5,0.4,Partly Cloudy
2019-06-28,31.7,72.4,10.4,1007.1,0.3,Drizzle
2019-06-29,31.3,63.7,15.4,1015.6,1.0,Sunny
2019-06-30,37.4,64.3,18.4,1007.1,0.8,Partly Cloudy
2019-07-01,36.3,54.1,11.4,992.6,1.1,Sunny
2019-07-02,33.6,,10.4,1019.8,0.0,Sunny
2019-07-03,36.0,66.2,27.9,1006.3,0.4,Cloudy
2019-07-04,32.8,64.9,13.8,1011.9,0.0,Partly Cloudy
2019-07-05,32.5,63.5,10.9,1012.3,0.3,Partly Cloudy
2019-07-06,31.7,70.9,10.5,1008.6,0.4,Drizzle
2019-07-07,32.7,61.3,23.5,1003.7,0.0,Partly Cloudy
2019-07-08,38.0,58.6,11.9,1029.2,0.1,Sunny
2019-07-09,40.9,51.6,14.3,1016.1,0.6,Sunny
2019-07-10,31.0,67.4,12.6,1020.0,0.1,Partly Cloudy
2019-07-11,40.1,70.5,13.3,1011.7,0.8,Drizzle
2019-07-12,33.8,71.7,11.6,1014.6,0.8,Drizzle
2019-07-13,31.9,57.2,14.5,1025.6,0.9,Partly Cloudy
2019-07-14,34.4,69.3,12.6,1003.4,0.6,Cloudy
2019-07-15,27.4,56.5,16.7,999.6,0.0,Sunny
2019-07-16,32.7,68.3,15.1,1030.1,0.8,Partly Cloudy
2019-07-17,37.9,54.1,11.1,1013.6,0.6,Partly Cloudy
2019-07-18,30.4,66.3,12.9,1002.5,0.7,Cloudy
2019-07-19,29.5,58.8,16.0,1023.8,0.3,Partly Cloudy
2019-07-20,40.8,75.4,12.0,994.4,0.4,Drizzle
2019-07-21,36.8,73.5,20.3,1009.3,0.3,Drizzle
2019-07-22,33.9,83.2,14.0,1018.4,0.1,Drizzle
2019-07-23,30.0,72.1,11.6,1010.1,0.2,Drizzle
2019-07-24,32.9,70.0,12.9,1011.8,0.0,Cloudy
2019-07-25,33.5,41.6,13.5,1018.7,0.4,Sunny
2019-07-26,33.0,60.2,13.0,1012.6,0.3,Partly Cloudy
2019-07-27,28.5,61.7,12.4,1005.2,1.0,Sunny
2019-07-28,32.1,68.4,17.8,1003.2,0.1,Cloudy
2019-07-29,22.8,69.9,14.4,1027.4,0.0,Sunny
2019-07-30,30.6,67.5,19.5,1002.1,0.7,Sunny
2019-07-31,29.4,65.5,14.9,1016.5,0.4,Sunny
2019-08-01,36.2,68.7,14.4,1006.2,0.4,Sunny
2019-08-02,30.0,76.3,15.9,1009.1,0.8,Drizzle
2019-08-03,31.0,63.8,13.2,1014.5,0.5,Sunny
2019-08-04,28.0,70.4,29.3,1021.6,0.6,Drizzle
2019-08-05,27.7,67.9,12.4,1026.9,0.0,Sunny
2019-08-06,32.8,69.1,16.3,1009.0,0.3,Cloudy
2019-08-07,31.2,45.2,21.4,1001.2,0.1,Sunny
2019-08-08,33.3,62.0,15.6,1004.8,0.5,Sunny
2019-08-09,32.6,66.3,17.8,1010.3,0.0,Partly Cloudy
2019-08-10,27.1,76.8,14.5,1009.5,0.4,Drizzle
2019-08-11,34.4,51.9,26.9,1014.7,0.2,Partly Cloudy
2019-08-12,34.5,55.3,16.0,1014.8,0.4,Sunny
2019-08-13,29.8,59.3,13.4,1013.3,0.2,Partly Cloudy
2019-08-14,28.7,78.5,15.0,1006.0,0.1,Drizzle
2019-08-15,30.0,65.6,15.2,999.2,0.0,Cloudy
2019-08-16,26.8,80.7,24.7,1024.9,0.0,Sunny
2019-08-17,29.9,80.3,14.0,1015.3,0.9,Drizzle
2019-08-18,31.7,73.8,16.6,1028.8,0.7,Drizzle
2019-08-19,28.7,79.2,18.5,1024.1,0.4,Drizzle
2019-08-20,31.8,64.6,,990.9,0.7,Sunny
2019-08-21,28.4,68.0,16.4,1004.6,1.8,Partly Cloudy
2019-08-22,26.2,76.2,15.9,999.5,0.0,Cloudy
2019-08-23,32.2,61.1,18.6,995.3,0.0,Sunny
2019-08-24,30.5,69.2,24.8,997.9,2.5,Partly Cloudy
2019-08-25,23.1,55.5,17.2,1013.9,0.9,Cloudy
2019-08-26,30.9,69.3,20.5,1003.8,0.3,Partly Cloudy
2019-08-27,32.8,61.5,15.2,1006.2,0.6,Sunny
2019-08-28,28.8,71.6,25.3,1013.7,1.2,Drizzle
2019-08-29,23.1,75.2,15.2,993.7,0.0,Cloudy
2019-08-30,25.1,85.2,20.5,1003.2,0.3,Drizzle
2019-08-31,23.3,63.0,23.1,1020.2,1.2,Sunny
2019-09-01,27.3,52.4,20.1,1022.8,0.2,Sunny
2019-09-02,22.8,70.1,15.8,1024.2,0.3,Drizzle
2019-09-03,25.2,82.1,18.0,1027.5,0.1,Drizzle
2019-09-04,25.7,67.3,32.5,1005.8,0.1,Partly Cloudy
2019-09-05,24.2,55.2,27.5,1009.5,0.5,Cloudy
2019-09-06,19.8,61.9,18.2,1000.8,0.7,Cloudy
2019-09-07,32.8,55.7,17.4,1002.7,0.2,Partly Cloudy
2019-09-08,28.1,51.9,17.2,,2.5,Partly Cloudy
2019-09-09,23.5,93.4,17.7,1016.0,0.3,Drizzle
2019-09-10,25.2,77.1,20.5,1007.1,1.0,Drizzle
2019-09-11,27.1,69.7,36.6,1003.5,0.4,Partly Cloudy
2019-09-12,26.0,64.5,19.4,1002.1,2.0,Sunny
2019-09-13,24.3,77.3,32.7,1020.5,1.0,Drizzle
2019-09-14,25.4,42.9,22.2,1025.8,0.1,Sunny
2019-09-15,26.9,64.8,18.6,1015.1,0.0,Partly Cloudy
2019-09-16,20.6,80.4,24.5,1018.1,0.5,Drizzle
2019-09-17,24.2,65.0,20.3,1007.5,0.2,Partly Cloudy
2019-09-18,22.5,80.7,19.6,1006.5,0.0,Cloudy
2019-09-19,25.4,56.2,19.3,1006.7,1.3,Sunny
2019-09-20,21.0,55.8,19.3,1010.9,0.5,Partly Cloudy
2019-09-21,25.8,41.8,22.6,1010.4,0.6,Sunny
2019-09-22,23.1,79.2,22.4,1000.0,0.3,Drizzle
2019-09-23,24.3,76.5,18.8,999.1,0.0,Cloudy
2019-09-24,24.3,62.8,18.9,1013.9,0.2,Partly Cloudy
2019-09-25,19.6,87.2,29.9,1005.9,0.2,Drizzle
2019-09-26,21.4,69.7,22.3,1018.1,0.5,Cloudy
2019-09-27,17.3,79.6,20.8,1011.2,0.5,Drizzle
2019-09-28,21.4,74.2,22.6,990.9,0.2,Drizzle
2019-09-29,15.4,75.7,27.9,1019.6,0.5,Drizzle
2019-09-30,18.5,81.5,25.1,998.9,0.7,Drizzle
2019-10-01,16.1,67.8,25.8,1023.3,0.2,Partly Cloudy
2019-10-02,19.2,67.2,21.3,994.0,0.3,Sunny
2019-10-03,9.5,84.8,36.4,1012.7,0.2,Drizzle
2019-10-04,19.0,92.9,38.6,1015.5,0.0,Partly Cloudy
2019-10-05,16.3,57.9,22.4,1012.6,0.9,Partly Cloudy
2019-10-06,20.4,83.0,23.3,993.6,0.7,Drizzle
2019-10-07,12.1,83.1,36.8,1010.1,0.1,Drizzle
2019-10-08,18.8,67.6,28.1,1001.5,0.2,Sunny
2019-10-09,21.4,81.9,22.4,1010.0,0.6,Drizzle
2019-10-10,14.2,100.0,21.5,1010.1,0.6,Drizzle
2019-10-11,11.2,92.1,24.0,996.8,0.0,Cloudy
2019-10-12,11.7,80.6,21.3,1013.7,0.2,Drizzle
2019-10-13,17.7,71.3,26.0,1012.0,0.7,Drizzle
2019-10-14,22.6,72.6,22.7,1024.0,0.7,Drizzle
2019-10-15,11.8,89.3,22.7,1003.1,0.2,Drizzle
2019-10-16,14.2,83.9,24.3,1007.2,,Drizzle
2019-10-17,16.8,65.7,28.7,991.3,0.8,Partly Cloudy
2019-10-18,20.2,64.0,23.1,1007.1,1.5,Sunny
2019-10-19,17.6,84.0,29.0,1027.2,1.1,Drizzle
2019-10-20,14.3,90.4,29.6,995.2,0.1,Drizzle
2019-10-21,10.1,80.9,22.5,1004.7,0.8,Drizzle
2019-10-22,18.9,66.8,29.6,1003.3,0.2,Sunny
2019-10-23,18.1,81.6,22.4,1007.1,0.0,Cloudy
2019-10-24,11.6,73.1,24.3,1011.3,0.3,Drizzle
2019-10-25,15.6,92.1,31.1,999.2,1.2,Drizzle
2019-10-26,18.9,60.3,28.1,1008.2,0.8,Sunny
2019-10-27,15.4,64.4,29.1,1015.0,0.4,Sunny
2019-10-28,17.2,88.8,26.0,1011.9,0.2,Drizzle
2019-10-29,14.7,75.3,25.1,1003.6,0.4,Drizzle
2019-10-30,4.6,88.2,24.0,1016.7,0.9,Drizzle
2019-10-31,12.6,,23.8,1011.4,0.6,Drizzle
2019-11-01,4.5,100.0,25.2,999.6,0.6,Drizzle
2019-11-02,13.3,91.6,26.9,1003.3,1.4,Drizzle
2019-11-03,12.4,83.7,25.0,1004.4,0.1,Drizzle
2019-11-04,11.3,82.4,34.2,1010.2,0.2,Drizzle
2019-11-05,16.3,68.0,24.1,1001.8,0.8,Cloudy
2019-11-06,13.0,81.9,42.7,1007.1,1.9,Drizzle
2019-11-07,12.8,69.5,25.1,1003.3,0.7,Sunny
2019-11-08,20.1,68.3,28.5,1012.7,0.6,Sunny
2019-11-09,18.5,85.5,30.2,1010.8,0.4,Drizzle
2019-11-10,9.2,100.0,25.4,1002.0,4.7,Drizzle
2019-11-11,6.2,100.0,38.1,1013.8,0.5,Drizzle
2019-11-12,7.7,92.9,27.8,996.9,1.1,Drizzle
2019-11-13,11.9,86.1,33.0,987.9,0.6,Drizzle
2019-11-14,12.5,93.2,24.8,1009.5,0.1,Drizzle
2019-11-15,4.4,100.0,26.6,1008.5,0.8,Drizzle
2019-11-16,10.1,67.8,46.7,1013.3,0.3,Partly Cloudy
2019-11-17,13.2,78.2,37.1,1009.8,0.9,Drizzle
2019-11-18,13.2,70.5,32.5,1010.4,0.8,Drizzle
2019-11-19,11.3,70.4,27.5,1005.6,0.6,Drizzle
2019-11-20,6.6,80.3,25.8,1007.4,0.8,Drizzle
2019-11-21,8.5,79.7,26.9,1004.8,0.2,Drizzle
2019-11-22,11.4,76.8,37.4,1016.8,0.2,Drizzle
2019-11-23,8.7,77.1,29.2,998.0,0.9,Drizzle
2019-11-24,12.3,78.9,29.9,1023.2,0.1,Drizzle
2019-11-25,7.8,83.4,26.2,1015.0,0.2,Drizzle
2019-11-26,10.6,85.2,30.0,992.4,0.1,Drizzle
2019-11-27,12.6,100.0,28.1,1011.7,0.1,Drizzle
2019-11-28,12.7,92.6,30.4,1003.4,0.5,Drizzle
2019-11-29,5.7,84.0,31.4,1001.2,0.4,Drizzle
2019-11-30,9.4,84.6,29.7,1007.0,0.1,Drizzle
2019-12-01,13.1,83.4,34.2,1012.1,0.3,Drizzle
2019-12-02,6.5,79.4,28.1,1007.7,0.4,Drizzle
2019-12-03,9.2,79.6,26.1,1017.1,0.1,Drizzle
2019-12-04,10.7,77.8,28.0,1012.9,0.5,Drizzle
2019-12-05,7.7,100.0,25.8,,0.7,Drizzle
2019-12-06,8.7,92.7,33.9,1011.2,0.6,Drizzle
2019-12-07,5.8,93.2,26.9,1012.1,0.5,Drizzle
2019-12-08,9.4,87.0,30.8,1015.9,0.6,Drizzle
2019-12-09,6.0,77.7,27.2,1001.9,0.1,Drizzle
2019-12-10,11.4,74.4,34.5,1024.8,0.2,Drizzle
2019-12-11,8.5,85.3,31.0,996.6,0.1,Drizzle
2019-12-12,4.8,97.2,34.4,1000.4,0.1,Drizzle
2019-12-13,4.8,100.0,28.8,1006.1,0.2,Drizzle
2019-12-14,7.1,83.6,37.5,1013.3,0.4,Drizzle
2019-12-15,12.1,74.8,34.2,1000.4,0.8,Drizzle
2019-12-16,7.6,97.3,27.3,,0.0,Cloudy
2019-12-17,11.8,100.0,,,0.7,Drizzle
2019-12-18,8.1,77.9,27.3,1023.5,1.3,Drizzle
2019-12-19,2.9,91.7,53.2,1016.1,0.3,Drizzle
2019-12-20,8.4,75.3,40.2,1021.1,0.6,Drizzle
2019-12-21,3.4,98.6,26.8,1023.0,0.3,Drizzle
2019-12-22,4.9,85.3,26.1,1013.0,0.6,Drizzle
2019-12-23,4.6,100.0,28.6,1006.5,0.4,Drizzle
2019-12-24,7.3,82.1,26.1,1005.3,0.5,Drizzle
2019-12-25,9.2,93.2,27.2,1011.0,2.9,Drizzle
2019-12-26,5.9,90.4,44.1,1018.6,0.0,Partly Cloudy
2019-12-27,7.4,79.2,26.3,1001.6,0.1,Drizzle
2019-12-28,7.3,69.7,33.9,1002.2,,Partly Cloudy
2019-12-29,13.0,70.8,26.2,1012.5,1.0,Drizzle
2019-12-30,5.0,88.3,27.7,1005.9,0.1,Drizzle
2019-12-31,4.2,89.4,30.7,1002.4,0.2,Drizzle
2020-01-01,5.4,87.1,28.9,1005.2,0.6,Drizzle
2020-01-02,6.9,95.1,29.7,1008.5,0.7,Drizzle
2020-01-03,3.5,100.0,28.0,1006.7,0.2,Drizzle
2020-01-04,6.8,90.6,26.8,1028.6,0.1,Drizzle
2020-01-05,8.0,100.0,26.5,994.8,0.2,Drizzle
2020-01-06,10.2,80.1,27.3,1000.8,0.2,Drizzle
2020-01-07,6.9,98.9,33.6,1011.2,0.1,Drizzle
2020-01-08,7.5,92.0,27.1,1016.4,0.3,Drizzle
2020-01-09,10.4,84.0,38.2,999.6,1.2,Drizzle
2020-01-10,14.5,78.9,26.3,985.6,0.9,Drizzle
2020-01-11,13.9,82.9,30.2,991.9,0.3,Drizzle
2020-01-12,9.3,80.0,28.3,1007.6,0.1,Drizzle
2020-01-13,7.7,80.7,30.0,1009.2,0.2,Drizzle
2020-01-14,14.3,75.0,25.9,1005.7,1.3,Drizzle
2020-01-15,15.9,80.9,32.7,1017.2,0.0,Cloudy
2020-01-16,9.1,87.5,29.9,1002.7,0.2,Drizzle
2020-01-17,11.5,93.3,29.9,1014.8,0.3,Drizzle
2020-01-18,13.2,77.4,38.7,1001.9,1.7,Drizzle
2020-01-19,10.9,67.4,28.1,1013.3,0.7,Sunny
2020-01-20,12.0,90.0,25.2,1006.2,1.1,Drizzle
2020-01-21,9.3,96.5,26.4,997.8,0.2,Drizzle
2020-01-22,11.0,100.0,26.4,992.5,0.1,Drizzle
2020-01-23,17.3,87.9,26.8,1012.0,1.3,Drizzle
2020-01-24,17.2,86.9,36.0,992.5,0.4,Drizzle
2020-01-25,11.0,99.0,24.7,1014.1,0.1,Drizzle
2020-01-26,4.7,94.7,38.3,990.4,0.1,Drizzle
2020-01-27,17.5,83.5,26.6,997.7,0.3,Drizzle
2020-01-28,15.1,75.3,26.2,988.6,0.2,Drizzle
2020-01-29,13.2,77.9,27.2,1019.6,0.1,Drizzle
2020-01-30,12.6,100.0,24.2,986.1,29.4,Rainy
2020-01-31,8.1,82.7,26.7,1011.0,1.4,Drizzle
2020-02-01,10.9,77.6,27.9,1017.4,0.2,Drizzle
2020-02-02,16.1,76.8,26.5,1006.4,0.0,Cloudy
2020-02-03,13.1,78.8,23.9,998.6,0.1,Drizzle
2020-02-04,15.8,83.5,37.2,1007.5,0.5,Drizzle
2020-02-05,13.1,98.4,29.2,1019.6,0.9,Drizzle
2020-02-06,13.5,79.5,25.8,1017.8,0.9,Drizzle
2020-02-07,5.9,89.3,27.5,1006.5,0.2,Drizzle
2020-02-08,10.5,97.7,24.7,1009.3,0.6,Drizzle
2020-02-09,8.6,91.4,24.9,994.2,0.3,Drizzle
2020-02-10,12.1,74.5,23.1,1010.6,0.1,Drizzle
2020-02-11,15.2,76.9,35.9,1004.1,0.2,Drizzle
2020-02-12,11.9,81.3,30.5,1008.9,0.4,Drizzle
2020-02-13,14.0,85.8,24.3,1003.4,0.4,Drizzle
2020-02-14,16.8,91.3,30.7,1004.2,0.8,Drizzle
2020-02-15,13.9,72.5,24.5,1012.5,0.3,Drizzle
2020-02-16,12.2,89.6,23.2,993.5,0.7,Drizzle
2020-02-17,13.1,75.2,24.4,1020.2,0.1,Drizzle
2020-02-18,11.9,88.3,33.4,1003.0,0.3,Drizzle
2020-02-19,18.5,83.0,27.5,1009.4,0.2,Drizzle
2020-02-20,12.9,78.5,46.3,1010.1,1.0,Drizzle
2020-02-21,23.5,67.6,24.4,992.6,0.1,Cloudy
2020-02-22,16.5,,29.1,1021.1,0.1,Drizzle
2020-02-23,14.4,90.0,27.1,1026.4,0.3,Drizzle
2020-02-24,22.4,67.3,27.2,1017.3,0.7,Partly Cloudy
2020-02-25,17.4,68.8,30.7,1000.9,0.3,Partly Cloudy
2020-02-26,18.5,67.1,25.1,1023.3,0.5,Cloudy
2020-02-27,17.5,88.0,25.1,1002.4,0.2,Drizzle
2020-02-28,14.3,70.5,27.1,1007.9,0.6,Drizzle
2020-02-29,19.5,87.6,26.4,1008.5,0.5,Drizzle
2020-03-01,13.5,93.5,24.6,995.7,0.0,Cloudy
2020-03-02,18.5,84.3,21.0,1019.1,0.0,Sunny
2020-03-03,18.9,89.2,36.1,1011.4,0.0,Cloudy
2020-03-04,12.7,97.5,21.5,1004.0,0.4,Drizzle
2020-03-05,19.4,71.5,21.9,,,Drizzle
2020-03-06,19.8,67.4,20.6,1025.6,1.0,Sunny
2020-03-07,21.8,63.3,19.9,1012.1,0.5,Cloudy
2020-03-08,18.9,67.7,24.0,1003.0,0.1,Sunny
2020-03-09,27.3,70.7,25.4,1002.2,0.5,Drizzle
2020-03-10,20.8,88.8,25.9,1015.7,0.6,Drizzle
2020-03-11,19.3,84.2,19.3,1005.7,0.7,Drizzle
2020-03-12,24.4,61.3,21.6,1012.4,0.1,Partly Cloudy
2020-03-13,19.8,75.9,19.3,1012.1,0.1,Drizzle
2020-03-14,16.5,62.5,19.4,1011.0,0.3,Sunny
2020-03-15,16.9,83.1,19.5,1017.2,0.4,Drizzle
2020-03-16,18.1,74.5,21.0,1011.1,1.0,Drizzle
2020-03-17,25.4,83.3,22.3,1004.7,1.2,Drizzle
2020-03-18,18.8,73.2,19.1,1021.0,0.9,Drizzle
2020-03-19,27.0,93.7,27.0,1003.0,1.4,Drizzle
2020-03-20,24.0,65.3,18.2,1005.6,0.6,Sunny
2020-03-21,22.7,68.5,18.6,1022.3,0.2,Partly Cloudy
2020-03-22,21.7,83.3,18.9,1003.7,0.4,Drizzle
2020-03-23,24.2,75.8,26.3,1024.0,0.5,Drizzle
2020-03-24,23.1,79.9,22.1,1009.8,0.0,Partly Cloudy
2020-03-25,24.2,57.8,22.8,1010.8,0.1,Partly Cloudy
2020-03-26,21.6,74.0,19.7,992.0,0.1,Drizzle
2020-03-27,22.4,91.6,27.6,1025.2,0.0,Partly Cloudy
2020-03-28,24.5,59.6,22.1,1008.6,0.2,Cloudy
2020-03-29,24.6,82.7,17.2,988.7,0.3,Drizzle
2020-03-30,24.8,77.8,23.2,996.9,0.1,Drizzle
2020-03-31,23.9,78.6,19.7,1021.9,0.8,Drizzle
2020-04-01,26.6,67.8,25.2,1001.5,0.1,Cloudy
2020-04-02,24.9,67.1,20.5,1023.7,1.0,Partly Cloudy
2020-04-03,24.5,62.3,20.1,1006.4,0.1,Partly Cloudy
2020-04-04,31.3,81.2,19.3,994.1,0.5,Drizzle
2020-04-05,25.4,59.9,19.9,999.8,0.4,Sunny
2020-04-06,23.9,87.2,22.3,1010.4,0.1,Drizzle
2020-04-07,32.6,51.8,19.2,995.6,0.1,Sunny
2020-04-08,26.9,79.6,18.0,1028.9,0.1,Drizzle
2020-04-09,27.5,81.3,26.4,1020.1,1.2,Drizzle
2020-04-10,25.4,66.6,16.3,1000.9,0.4,Sunny
2020-04-11,24.6,74.9,15.5,1005.9,0.3,Drizzle
2020-04-12,24.2,83.9,28.4,1013.3,0.4,Drizzle
2020-04-13,29.3,71.1,43.8,1004.7,0.1,Drizzle
2020-04-14,27.0,91.5,16.0,1010.8,0.2,Drizzle
2020-04-15,30.0,70.5,16.3,1017.2,0.6,Drizzle
2020-04-16,27.3,57.0,17.9,1010.9,0.5,Partly Cloudy
2020-04-17,23.1,67.8,15.4,1010.7,1.1,Cloudy
2020-04-18,26.3,70.3,16.2,1013.1,0.1,Drizzle
2020-04-19,32.4,60.8,24.5,1014.9,0.1,Sunny
2020-04-20,31.0,56.5,17.4,1020.5,0.1,Sunny
2020-04-21,28.9,72.9,19.2,1017.0,1.0,Drizzle
2020-04-22,30.7,78.3,19.4,1017.7,0.1,Drizzle
2020-04-23,29.0,,23.0,998.5,0.1,Drizzle
2020-04-24,34.2,90.1,16.6,1011.7,0.6,Drizzle
2020-04-25,31.8,76.5,19.3,1015.2,0.3,Drizzle
2020-04-26,31.5,78.1,14.8,1023.7,0.2,Drizzle
2020-04-27,30.6,65.5,31.7,994.3,0.3,Cloudy
2020-04-28,23.2,62.7,33.3,1009.5,0.5,Sunny
2020-04-29,35.8,60.1,14.0,1017.2,0.1,Partly Cloudy
2020-04-30,23.0,83.2,40.1,997.8,0.2,Drizzle
2020-05-01,30.0,55.1,13.9,1016.1,1.3,Sunny
2020-05-02,30.4,46.5,15.0,1016.5,0.1,Sunny
2020-05-03,31.2,63.1,20.6,998.4,1.0,Partly Cloudy
2020-05-04,38.9,56.0,20.7,1012.5,0.2,Partly Cloudy
2020-05-05,35.5,61.3,13.9,1019.4,0.1,Sunny
2020-05-06,31.7,53.8,15.0,1008.9,1.9,Partly Cloudy
2020-05-07,36.6,64.7,14.2,1015.2,0.2,Sunny
2020-05-08,35.9,81.0,12.8,1005.2,0.1,Drizzle
2020-05-09,32.6,79.1,12.0,1017.2,0.4,Drizzle
2020-05-10,38.3,59.6,20.7,996.1,0.5,Sunny
2020-05-11,30.7,74.7,12.8,1019.7,0.9,Drizzle
2020-05-12,39.7,56.5,14.9,1030.7,0.5,Sunny
2020-05-13,35.7,69.5,17.6,1026.7,0.9,Sunny
2020-05-14,35.7,59.7,28.7,1000.2,1.4,Sunny
2020-05-15,36.3,73.3,12.5,984.8,0.3,Drizzle
2020-05-16,25.4,65.1,15.6,1009.9,0.2,Partly Cloudy
2020-05-17,28.8,71.8,15.2,1012.6,0.8,Drizzle
2020-05-18,31.9,68.8,15.6,999.0,0.3,Partly Cloudy
2020-05-19,35.3,70.4,12.9,1000.4,0.4,Drizzle
2020-05-20,33.5,64.4,14.5,1008.2,0.0,Sunny
2020-05-21,36.8,49.2,19.8,997.5,0.6,Sunny
2020-05-22,32.1,71.5,13.0,1018.2,0.7,Drizzle
2020-05-23,39.2,43.1,14.0,1014.8,0.1,Sunny
2020-05-24,36.9,58.4,13.2,1010.2,0.3,Sunny
2020-05-25,42.6,65.3,16.5,1017.1,0.0,Partly Cloudy
2020-05-26,34.4,55.0,17.4,1013.5,1.0,Sunny
2020-05-27,35.0,71.9,14.1,1015.6,0.4,Drizzle
2020-05-28,33.0,70.8,11.0,1010.5,0.2,Drizzle
2020-05-29,38.0,69.0,11.2,1003.9,0.9,Sunny
2020-05-30,35.6,55.3,12.0,1016.1,0.0,Sunny
2020-05-31,35.7,62.3,18.8,1004.2,0.6,Partly Cloudy
2020-06-01,32.3,58.4,12.4,1013.4,0.1,Sunny
2020-06-02,36.8,56.5,18.7,1014.6,1.0,Partly Cloudy
2020-06-03,27.0,68.5,12.0,1018.8,1.0,Partly Cloudy
2020-06-04,33.4,67.6,12.2,1003.9,0.3,Sunny
2020-06-05,32.7,63.6,19.6,1021.8,0.9,Sunny
2020-06-06,40.7,58.4,12.8,991.2,1.4,Sunny
2020-06-07,41.8,75.0,20.0,1001.5,0.2,Drizzle
2020-06-08,34.7,69.0,12.7,1023.5,0.9,Sunny
2020-06-09,29.4,62.6,11.1,1002.8,0.1,Sunny
2020-06-10,32.1,60.0,13.7,1010.9,0.4,Partly Cloudy
2020-06-11,37.3,58.6,10.3,1019.9,0.1,Sunny
2020-06-12,32.5,76.0,12.0,1012.2,0.2,Drizzle
2020-06-13,41.8,55.3,11.2,1002.9,2.7,Sunny
2020-06-14,40.0,58.7,11.2,1010.1,0.0,Sunny
2020-06-15,39.4,61.1,12.6,1009.5,0.1,Partly Cloudy
2020-06-16,33.8,36.6,18.4,1007.2,0.5,Sunny
2020-06-17,38.0,54.6,12.6,999.5,1.5,Partly Cloudy
2020-06-18,32.5,49.5,11.4,1026.1,0.4,Sunny
2020-06-19,38.3,68.4,13.4,995.9,0.2,Cloudy
2020-06-20,32.9,52.0,15.5,1015.4,0.0,Sunny
2020-06-21,33.9,66.7,10.7,1009.2,0.7,Partly Cloudy
2020-06-22,35.6,75.6,12.2,1024.4,0.2,Drizzle
2020-06-23,35.7,72.0,20.0,1019.9,0.1,Drizzle
2020-06-24,33.0,49.8,13.5,1017.0,0.4,Sunny
2020-06-25,37.4,74.1,10.1,999.8,0.0,Cloudy
2020-06-26,40.6,50.5,13.7,1022.7,0.3,Sunny
2020-06-27,35.4,66.8,14.3,1002.7,1.2,Cloudy
2020-06-28,39.2,62.4,11.6,992.9,0.9,Sunny
2020-06-29,41.5,51.2,10.4,1020.9,0.6,Sunny
2020-06-30,39.7,54.9,15.0,,1.4,Partly Cloudy
2020-07-01,40.1,79.8,17.1,1013.1,1.6,Drizzle
2020-07-02,35.4,62.8,10.7,1004.8,1.0,Partly Cloudy
2020-07-03,37.0,54.5,17.8,999.4,0.4,Sunny
2020-07-04,32.9,59.1,13.8,1017.9,0.4,Partly Cloudy
2020-07-05,35.3,74.9,14.7,1008.3,0.0,Cloudy
2020-07-06,34.1,70.8,27.3,1014.7,0.2,Drizzle
2020-07-07,37.1,51.7,17.0,1013.1,0.2,Sunny
2020-07-08,33.2,56.4,28.8,993.2,0.1,Sunny
2020-07-09,35.4,56.5,16.1,1012.2,0.7,Sunny
2020-07-10,29.9,66.6,11.2,1001.8,0.1,Partly Cloudy
2020-07-11,42.7,54.2,16.6,997.6,0.2,Partly Cloudy
2020-07-12,32.7,73.8,11.0,997.5,1.0,Drizzle
2020-07-13,35.0,78.5,12.5,1001.2,0.0,Cloudy
2020-07-14,38.4,,12.5,1007.5,0.6,Cloudy
2020-07-15,33.2,76.9,23.1,1023.4,0.4,Drizzle
2020-07-16,27.3,67.6,15.2,1013.8,0.0,Partly Cloudy
2020-07-17,42.4,49.3,14.4,1002.6,0.3,Sunny
2020-07-18,32.2,70.0,18.4,1016.3,0.9,Sunny
2020-07-19,31.3,,11.2,986.8,0.3,Drizzle
2020-07-20,30.3,69.7,17.0,1006.8,0.3,Partly Cloudy
2020-07-21,37.6,64.1,16.1,1010.0,0.2,Partly Cloudy
2020-07-22,35.6,72.3,11.8,1005.0,3.0,Drizzle
2020-07-23,38.0,65.4,11.4,1011.7,0.9,Cloudy
2020-07-24,38.2,75.3,12.1,1010.8,0.9,Drizzle
2020-07-25,32.1,60.2,14.3,1011.8,0.5,Sunny
2020-07-26,32.1,44.7,13.7,1023.6,0.2,Sunny
2020-07-27,36.4,60.3,16.2,1005.5,0.0,Sunny
2020-07-28,31.4,52.4,20.8,1009.2,0.1,Partly Cloudy
2020-07-29,33.6,63.6,13.9,1016.6,0.7,Sunny
2020-07-30,31.0,62.9,,1019.9,0.2,Sunny
2020-07-31,33.5,73.3,16.3,1023.1,0.1,Drizzle
2020-08-01,35.4,68.5,28.5,1001.8,0.8,Sunny
2020-08-02,36.6,58.7,17.3,1016.7,0.0,Sunny
2020-08-03,29.1,74.9,13.6,1016.1,0.7,Drizzle
2020-08-04,30.6,55.8,13.2,1018.2,0.7,Sunny
2020-08-05,32.5,66.2,14.2,998.0,1.2,Partly Cloudy
2020-08-06,33.0,69.1,24.4,1005.6,0.6,Partly Cloudy
2020-08-07,29.3,66.4,13.4,1005.5,0.1,Sunny
2020-08-08,32.4,80.1,16.6,1002.4,0.5,Drizzle
2020-08-09,30.8,62.5,23.9,1020.4,2.0,Partly Cloudy
2020-08-10,35.0,72.0,13.5,1004.7,0.2,Drizzle
2020-08-11,24.6,53.6,14.9,1015.0,0.2,Cloudy
2020-08-12,30.2,58.9,19.5,1016.8,0.5,Sunny
2020-08-13,32.7,54.3,15.9,1003.8,3.7,Sunny
2020-08-14,28.0,72.4,25.8,1014.4,0.1,Drizzle
2020-08-15,27.7,67.4,15.1,1009.5,2.0,Sunny
2020-08-16,27.3,65.1,14.0,1018.6,0.3,Cloudy
2020-08-17,33.0,75.4,14.7,1016.0,0.4,Drizzle
2020-08-18,27.1,84.4,16.7,1009.2,1.1,Drizzle
2020-08-19,34.7,,16.7,1001.2,0.4,Drizzle
2020-08-20,32.8,63.7,21.3,1018.3,0.3,Sunny
2020-08-21,26.4,75.9,24.7,998.7,0.0,Cloudy
2020-08-22,21.5,68.9,20.4,1010.2,0.3,Partly Cloudy
2020-08-23,30.9,82.5,14.9,1000.8,0.3,Drizzle
2020-08-24,32.4,74.5,17.6,1007.5,0.2,Drizzle
2020-08-25,31.8,66.1,28.3,1006.9,0.5,Sunny
2020-08-26,30.9,72.6,14.9,1006.6,0.4,Drizzle
2020-08-27,22.5,70.0,,1015.7,0.1,Sunny
2020-08-28,29.3,66.4,34.7,1022.0,0.0,Partly Cloudy
2020-08-29,27.7,78.5,16.0,1006.2,0.2,Drizzle
2020-08-30,30.5,62.7,19.3,1008.8,,Sunny
2020-08-31,26.5,75.0,19.0,1013.1,1.5,Drizzle
2020-09-01,29.8,77.3,21.1,1014.8,0.1,Drizzle
2020-09-02,26.5,84.6,25.6,1008.8,0.7,Drizzle
2020-09-03,23.3,76.9,29.5,1004.0,1.0,Drizzle
2020-09-04,29.0,74.9,17.5,1008.5,0.0,Partly Cloudy
2020-09-05,24.8,75.7,16.7,1011.2,0.7,Drizzle
2020-09-06,20.4,58.0,16.5,1001.5,1.0,Sunny
2020-09-07,21.2,74.5,18.7,999.6,,Drizzle
2020-09-08,28.3,64.3,18.6,1008.5,0.6,Partly Cloudy
2020-09-09,24.8,79.1,20.8,1028.8,0.1,Drizzle
2020-09-10,26.4,61.3,27.3,1005.5,0.2,Sunny
2020-09-11,19.6,59.0,23.5,1010.6,0.1,Sunny
2020-09-12,24.0,74.0,29.6,1007.9,0.1,Drizzle
2020-09-13,26.7,58.2,18.9,1008.1,0.1,Sunny
2020-09-14,28.6,75.3,19.3,1011.7,0.7,Drizzle
2020-09-15,22.7,72.3,19.9,1008.4,0.5,Drizzle
2020-09-16,23.4,64.4,23.2,1011.4,0.5,Sunny
2020-09-17,18.9,56.9,37.6,1027.4,0.7,Partly Cloudy
2020-09-18,23.9,63.7,18.9,1015.5,0.7,Cloudy
2020-09-19,24.1,81.5,18.1,1010.5,0.0,Cloudy
2020-09-20,28.4,78.5,20.0,994.0,1.1,Drizzle
2020-09-21,20.0,88.8,21.9,998.2,0.2,Drizzle
2020-09-22,20.4,72.5,19.0,1009.1,1.3,Drizzle
2020-09-23,22.2,76.1,18.6,1013.3,0.2,Drizzle
2020-09-24,20.6,84.1,20.7,1017.2,0.1,Drizzle
2020-09-25,22.8,71.4,22.6,1004.5,0.8,Drizzle
2020-09-26,24.6,69.1,21.4,1003.3,0.3,Partly Cloudy
2020-09-27,20.0,72.3,21.9,1006.2,0.1,Drizzle
2020-09-28,19.7,94.5,22.0,1003.6,0.2,Drizzle
2020-09-29,20.0,74.0,19.6,1002.8,2.3,Drizzle
2020-09-30,26.0,45.2,20.6,1017.8,1.4,Sunny
2020-10-01,18.0,90.6,36.0,1008.8,0.5,Drizzle
2020-10-02,23.6,75.6,23.4,1006.1,0.1,Drizzle
2020-10-03,17.9,75.8,26.8,1008.0,0.6,Drizzle
2020-10-04,18.5,76.1,21.0,1019.1,1.1,Drizzle
2020-10-05,19.2,68.1,22.3,1019.5,0.2,Partly Cloudy
2020-10-06,14.6,94.7,20.8,989.4,0.6,Drizzle
2020-10-07,21.5,60.8,23.2,1008.7,1.2,Sunny
2020-10-08,21.3,89.8,28.8,1010.6,0.2,Drizzle
2020-10-09,14.6,85.1,23.7,1006.3,1.3,Drizzle
2020-10-10,18.6,73.7,32.7,1028.8,0.5,Drizzle
2020-10-11,14.5,68.9,25.7,1014.1,0.6,Sunny
2020-10-12,18.4,68.7,26.3,1013.6,0.2,Cloudy
2020-10-13,16.3,92.6,26.3,1014.7,0.4,Drizzle
2020-10-14,18.9,76.4,24.3,1021.1,0.5,Drizzle
2020-10-15,16.2,79.0,23.3,1003.9,0.1,Drizzle
2020-10-16,14.3,73.7,32.5,1017.8,,Drizzle
2020-10-17,18.4,87.2,22.3,992.4,0.8,Drizzle
2020-10-18,17.2,71.1,23.3,1002.9,0.2,Drizzle
2020-10-19,18.8,81.4,28.3,1016.8,0.1,Drizzle
2020-10-20,8.8,80.0,26.8,1007.4,0.6,Drizzle
2020-10-21,15.1,87.6,37.0,1017.1,1.0,Drizzle
2020-10-22,11.2,90.8,25.3,1014.5,0.5,Drizzle
2020-10-23,16.8,87.6,27.4,1012.5,1.8,Drizzle
2020-10-24,13.8,64.0,31.7,1003.4,0.1,Partly Cloudy
2020-10-25,12.5,80.5,23.5,1017.9,0.5,Drizzle
2020-10-26,9.1,94.8,26.9,997.2,0.1,Drizzle
2020-10-27,15.9,87.3,26.1,1020.0,1.2,Drizzle
2020-10-28,12.0,84.9,25.3,1007.2,0.1,Drizzle
2020-10-29,10.4,84.3,23.5,1020.2,1.8,Drizzle
2020-10-30,13.7,60.7,42.6,1022.1,0.7,Partly Cloudy
2020-10-31,9.7,74.6,23.5,,0.0,Cloudy
2020-11-01,18.4,92.6,26.0,1002.0,0.5,Drizzle
2020-11-02,12.5,85.9,26.6,1023.0,1.8,Drizzle
2020-11-03,11.6,77.6,36.6,1026.2,0.2,Drizzle
2020-11-04,12.2,73.0,25.9,1004.3,0.5,Drizzle
2020-11-05,14.5,78.9,24.0,1012.1,1.4,Drizzle
2020-11-06,4.6,63.0,25.4,1024.4,0.0,Sunny
2020-11-07,12.7,100.0,29.5,1001.0,0.4,Drizzle
2020-11-08,7.9,93.3,42.1,1013.1,0.2,Drizzle
2020-11-09,15.7,77.5,28.2,1006.2,0.3,Drizzle
2020-11-10,13.3,87.1,30.3,997.6,0.2,Drizzle
2020-11-11,6.1,84.6,27.3,991.1,0.1,Drizzle
2020-11-12,19.7,81.2,26.7,1021.0,0.8,Drizzle
2020-11-13,15.1,75.9,26.2,1017.2,0.4,Drizzle
2020-11-14,14.9,84.2,24.7,1021.5,0.3,Drizzle
2020-11-15,6.7,93.7,32.7,1009.3,0.3,Drizzle
2020-11-16,6.7,99.7,27.2,998.5,0.8,Drizzle
2020-11-17,7.3,79.4,26.9,985.6,0.0,Cloudy
2020-11-18,8.8,83.6,29.4,1000.1,0.0,Cloudy
2020-11-19,9.5,96.5,25.0,1007.4,0.6,Drizzle
2020-11-20,6.4,86.0,25.8,1018.7,,Drizzle
2020-11-21,11.5,86.8,,1005.0,0.1,Drizzle
2020-11-22,11.3,79.4,37.5,1003.5,0.5,Drizzle
2020-11-23,17.1,95.3,28.9,998.6,0.8,Drizzle
2020-11-24,2.8,100.0,26.1,1008.2,0.3,Drizzle
2020-11-25,3.8,96.3,27.9,1013.0,0.1,Drizzle
2020-11-26,5.8,76.9,26.9,1021.7,0.2,Drizzle
2020-11-27,11.0,89.0,41.3,1014.4,0.8,Drizzle
2020-11-28,7.4,87.2,39.2,1007.0,0.8,Drizzle
2020-11-29,11.4,91.7,26.9,1006.5,0.2,Drizzle
2020-11-30,7.1,85.1,28.1,1014.3,0.2,Drizzle
2020-12-01,14.2,87.9,32.5,992.6,0.4,Drizzle
2020-12-02,11.7,81.1,28.1,1020.5,0.1,Drizzle
2020-12-03,3.5,100.0,27.0,,0.6,Drizzle
2020-12-04,6.3,79.2,27.3,1010.2,0.2,Drizzle
2020-12-05,7.7,68.2,,1024.3,1.0,Partly Cloudy
2020-12-06,5.6,100.0,29.4,1010.0,0.7,Drizzle
2020-12-07,8.8,99.6,29.1,1016.0,0.7,Drizzle
2020-12-08,10.5,92.7,28.2,999.5,0.7,Drizzle
2020-12-09,4.9,89.4,34.2,1007.7,0.2,Drizzle
2020-12-10,10.4,,31.2,1008.1,0.0,Cloudy
2020-12-11,1.3,100.0,33.0,1009.4,0.0,Cloudy
2020-12-12,8.1,90.7,44.1,1000.4,1.2,Drizzle
2020-12-13,11.6,82.5,31.1,993.6,0.2,Drizzle
2020-12-14,-0.2,100.0,37.6,1001.5,0.1,Drizzle
2020-12-15,14.6,91.0,35.5,1000.2,0.1,Drizzle
2020-12-16,3.6,100.0,28.2,1007.6,1.0,Drizzle
2020-12-17,6.2,99.4,35.6,1006.9,1.1,Drizzle
2020-12-18,9.7,100.0,34.6,1007.0,0.2,Drizzle
2020-12-19,4.8,100.0,28.1,1001.2,,Drizzle
2020-12-20,10.8,81.6,32.7,1014.1,0.6,Drizzle
2020-12-21,8.6,82.5,30.8,1006.4,1.0,Drizzle
2020-12-22,15.4,76.1,30.5,1013.2,1.3,Drizzle
2020-12-23,11.6,90.1,33.9,1004.0,0.3,Drizzle
2020-12-24,11.1,93.7,29.0,1001.2,0.3,Drizzle
2020-12-25,11.9,90.0,26.7,1005.3,0.1,Drizzle
2020-12-26,8.1,100.0,26.3,995.3,0.4,Drizzle
2020-12-27,13.9,85.4,28.0,1010.2,0.0,Partly Cloudy
2020-12-28,7.4,81.1,26.4,1007.6,0.1,Drizzle
2020-12-29,12.3,86.0,,1011.1,0.2,Drizzle
2020-12-30,9.9,82.5,32.2,1016.1,0.1,Drizzle
2020-12-31,9.0,81.3,30.1,1017.5,0.0,Partly Cloudy
2021-01-01,-0.6,92.2,28.9,1007.0,0.3,Drizzle
2021-01-02,9.5,94.5,31.3,1009.7,0.6,Drizzle
2021-01-03,8.0,83.2,30.6,996.1,1.6,Drizzle
2021-01-04,11.2,78.0,29.4,992.5,0.3,Drizzle
2021-01-05,10.5,94.9,26.0,1016.0,0.2,Drizzle
2021-01-06,12.1,82.5,28.0,1006.5,0.7,Drizzle
2021-01-07,8.6,69.8,28.2,1011.7,0.1,Cloudy
2021-01-08,8.9,61.6,30.2,1013.3,0.8,Sunny
2021-01-09,8.9,84.0,26.2,1009.8,1.4,Drizzle
2021-01-10,7.0,72.1,27.9,1012.0,0.4,Drizzle
2021-01-11,6.4,99.3,31.7,1022.9,1.1,Drizzle
2021-01-12,8.7,91.8,25.4,1003.5,0.3,Drizzle
2021-01-13,11.1,87.5,28.2,1015.7,0.2,Drizzle
2021-01-14,12.3,86.7,26.1,1012.5,1.2,Drizzle
2021-01-15,10.8,77.7,25.4,1008.4,0.1,Drizzle
2021-01-16,7.9,74.1,28.5,995.0,0.0,Cloudy
2021-01-17,10.8,78.2,32.2,1010.7,0.0,Cloudy
2021-01-18,9.8,70.1,28.9,1010.3,0.0,Cloudy
2021-01-19,12.5,82.1,27.2,996.3,0.3,Drizzle
2021-01-20,13.4,75.1,25.0,1011.0,0.0,Partly Cloudy
2021-01-21,5.2,81.1,39.7,1025.4,0.3,Drizzle
2021-01-22,12.7,74.1,25.8,999.1,0.1,Drizzle
2021-01-23,11.3,92.1,28.5,997.8,0.6,Drizzle
2021-01-24,4.4,90.0,27.6,1022.5,0.0,Sunny
2021-01-25,12.2,87.9,45.5,1004.5,0.3,Drizzle
2021-01-26,10.5,96.1,26.7,,0.1,Drizzle
2021-01-27,16.0,55.4,28.8,1015.3,0.1,Cloudy
2021-01-28,7.2,98.8,24.7,1020.1,0.0,Partly Cloudy
2021-01-29,12.2,71.8,24.5,1018.0,0.3,Drizzle
2021-01-30,13.7,70.6,41.7,1008.7,0.1,Drizzle
2021-01-31,4.1,100.0,25.8,997.4,0.6,Drizzle
2021-02-01,8.6,61.1,26.2,1005.6,0.2,Sunny
2021-02-02,16.2,78.1,25.1,1008.9,0.5,Drizzle
2021-02-03,13.3,72.9,25.8,1018.6,0.1,Drizzle
2021-02-04,7.8,69.8,28.2,1001.5,0.1,Partly Cloudy
2021-02-05,14.9,78.4,25.8,993.3,0.5,Drizzle
2021-02-06,16.1,80.1,25.9,1024.0,0.0,Cloudy
2021-02-07,9.6,81.0,26.2,988.1,1.6,Drizzle
2021-02-08,19.1,76.1,25.7,1012.3,1.0,Drizzle
2021-02-09,15.4,69.3,27.0,1007.7,0.2,Sunny
2021-02-10,15.4,92.1,24.7,1013.9,0.0,Cloudy
2021-02-11,19.3,81.6,25.1,1025.2,0.2,Drizzle
2021-02-12,16.2,76.7,26.2,1007.4,0.8,Drizzle
2021-02-13,8.0,71.3,23.7,1008.6,,Drizzle
2021-02-14,12.2,100.0,25.7,997.8,2.7,Drizzle
2021-02-15,19.1,78.6,29.1,1003.9,1.1,Drizzle
2021-02-16,20.8,74.9,26.2,1007.6,0.0,Cloudy
2021-02-17,16.3,81.9,28.3,1005.8,0.3,Drizzle
2021-02-18,16.3,71.6,23.1,1011.2,1.1,Drizzle
2021-02-19,18.4,65.6,22.9,1017.1,0.1,Sunny
2021-02-20,11.0,77.2,22.8,1000.3,0.1,Drizzle
2021-02-21,19.5,68.6,39.4,1017.8,0.6,Sunny
2021-02-22,16.5,77.9,33.2,1016.6,0.5,Drizzle
2021-02-23,15.6,77.2,26.3,991.7,0.1,Drizzle
2021-02-24,14.7,66.6,23.3,1008.1,0.1,Partly Cloudy
2021-02-25,19.2,85.4,27.5,1012.7,0.5,Drizzle
2021-02-26,17.0,,22.7,1014.3,1.0,Partly Cloudy
2021-02-27,20.3,78.0,24.7,1032.0,0.5,Drizzle
2021-02-28,19.6,78.7,27.7,1003.5,0.9,Drizzle
2021-03-01,16.1,85.1,25.2,1011.6,0.2,Drizzle
2021-03-02,14.8,67.4,20.8,1020.5,0.7,Sunny
2021-03-03,17.4,75.3,21.8,1002.8,2.1,Drizzle
2021-03-04,20.7,80.0,21.1,1010.5,1.4,Drizzle
2021-03-05,14.2,82.1,20.2,1015.2,0.0,Sunny
2021-03-06,14.6,72.0,23.2,1014.4,,Drizzle
2021-03-07,15.3,84.9,25.7,1004.0,0.2,Drizzle
2021-03-08,16.0,78.7,24.5,1009.6,0.6,Drizzle
2021-03-09,14.1,89.6,22.0,1009.3,0.1,Drizzle
2021-03-10,19.5,87.9,30.9,995.5,0.0,Cloudy
2021-03-11,12.1,81.5,32.3,1008.3,0.3,Drizzle
2021-03-12,20.7,68.3,19.4,1000.5,0.1,Sunny
2021-03-13,19.5,67.8,20.4,996.5,0.2,Sunny
2021-03-14,23.4,85.2,33.4,1009.6,0.0,Cloudy
2021-03-15,21.7,72.6,19.7,1024.5,1.0,Drizzle
2021-03-16,26.1,64.4,21.8,1010.2,0.9,Sunny
2021-03-17,24.5,79.7,20.3,986.9,0.1,Drizzle
2021-03-18,19.6,71.4,20.6,1000.9,0.4,Drizzle
2021-03-19,27.0,58.9,18.5,1007.6,0.1,Partly Cloudy
2021-03-20,22.2,58.8,20.7,1002.7,0.8,Sunny
2021-03-21,23.6,81.6,21.4,1012.1,0.2,Drizzle
2021-03-22,23.6,76.6,20.4,1009.4,0.3,Drizzle
2021-03-23,25.3,61.2,18.4,1005.4,0.1,Sunny
2021-03-24,26.0,78.4,27.5,1003.7,0.9,Drizzle
2021-03-25,17.0,89.1,19.0,1005.6,0.3,Drizzle
2021-03-26,27.0,78.6,18.2,1008.2,0.5,Drizzle
2021-03-27,22.9,77.4,32.2,1008.4,0.9,Drizzle
2021-03-28,24.9,64.9,20.2,1005.5,0.2,Partly Cloudy
2021-03-29,20.3,80.6,28.7,999.5,0.7,Drizzle
2021-03-30,24.8,66.8,22.6,1003.8,0.8,Cloudy
2021-03-31,26.2,76.0,21.9,1000.5,0.2,Drizzle
2021-04-01,23.4,82.7,17.0,,0.1,Drizzle
2021-04-02,18.1,87.9,23.4,1012.3,0.1,Drizzle
2021-04-03,22.4,73.2,21.0,1024.6,0.3,Drizzle
2021-04-04,24.0,86.5,17.4,1017.2,0.8,Drizzle
2021-04-05,20.2,63.6,16.5,1015.2,0.2,Cloudy
2021-04-06,24.3,91.2,16.4,1006.8,0.8,Drizzle
2021-04-07,26.3,59.9,19.0,1010.5,0.1,Partly Cloudy
2021-04-08,19.0,75.0,18.5,1001.1,0.6,Drizzle
2021-04-09,24.5,79.2,19.8,996.9,0.2,Drizzle
2021-04-10,25.8,70.1,21.0,1013.1,1.9,Drizzle
2021-04-11,22.1,72.4,19.6,997.1,0.8,Drizzle
2021-04-12,27.1,56.7,21.8,1014.9,0.2,Partly Cloudy
2021-04-13,33.4,67.0,16.6,996.7,0.5,Partly Cloudy
2021-04-14,30.1,63.5,15.0,1033.7,0.8,Sunny
2021-04-15,37.1,78.3,17.3,1015.9,0.3,Drizzle
2021-04-16,34.3,69.5,15.1,1015.5,0.6,Partly Cloudy
2021-04-17,25.9,75.0,17.9,1006.6,0.3,Drizzle
2021-04-18,29.3,70.4,14.8,1025.4,0.5,Drizzle
2021-04-19,26.2,67.6,14.2,1013.4,2.4,Sunny
2021-04-20,24.6,60.9,14.1,1010.9,0.2,Cloudy
2021-04-21,27.6,76.9,19.7,1022.9,0.7,Drizzle
2021-04-22,29.2,75.8,24.2,1007.0,1.9,Drizzle
2021-04-23,27.2,65.9,15.8,1005.2,1.9,Cloudy
2021-04-24,22.7,77.5,14.2,995.2,0.7,Drizzle
2021-04-25,25.5,61.6,19.0,,0.8,Partly Cloudy
2021-04-26,27.9,62.7,41.1,1004.4,0.3,Partly Cloudy
2021-04-27,25.2,81.4,17.9,999.6,0.0,Cloudy
2021-04-28,26.6,71.2,24.0,1002.7,0.1,Drizzle
2021-04-29,32.1,75.3,21.0,1016.2,,Drizzle
2021-04-30,30.4,69.3,16.6,1013.3,0.1,Partly Cloudy
2021-05-01,31.5,51.3,13.5,1015.5,2.5,Partly Cloudy
2021-05-02,31.4,67.6,17.8,1010.1,0.4,Sunny
2021-05-03,27.8,82.4,16.7,1016.2,0.1,Drizzle
2021-05-04,26.2,64.3,13.4,1013.4,0.1,Sunny
2021-05-05,32.7,73.7,12.6,1020.5,0.9,Drizzle
2021-05-06,32.5,78.2,13.4,997.0,0.1,Drizzle
2021-05-07,32.3,63.1,15.2,1010.6,0.3,Partly Cloudy
2021-05-08,25.2,60.0,18.9,999.3,0.4,Sunny
2021-05-09,30.3,73.3,21.6,1001.2,1.9,Drizzle
2021-05-10,29.8,70.6,16.6,,0.3,Drizzle
2021-05-11,38.5,61.8,25.3,1018.0,0.3,Sunny
2021-05-12,25.5,75.4,41.0,1017.4,0.7,Drizzle
2021-05-13,31.3,90.1,23.6,1009.0,0.2,Drizzle
2021-05-14,23.8,72.6,12.7,1016.5,0.7,Drizzle
2021-05-15,34.1,48.6,15.9,1009.7,0.2,Sunny
2021-05-16,38.3,70.0,23.9,1012.4,0.1,Sunny
2021-05-17,32.3,68.8,16.4,1025.1,1.7,Partly Cloudy
2021-05-18,34.7,69.6,16.9,1021.9,0.3,Partly Cloudy
2021-05-19,30.1,67.9,11.9,1009.7,1.4,Cloudy
2021-05-20,31.2,49.3,11.9,1030.8,0.6,Sunny
2021-05-21,36.1,60.6,28.3,1006.6,0.0,Sunny
2021-05-22,28.2,,13.2,1005.5,0.1,Sunny
2021-05-23,38.3,38.4,15.8,1012.0,0.4,Sunny
2021-05-24,32.5,58.2,26.5,1020.6,1.0,Sunny
2021-05-25,35.3,69.4,20.1,1013.4,0.0,Partly Cloudy
2021-05-26,27.8,79.0,12.4,1012.0,0.6,Drizzle
2021-05-27,34.5,,14.0,1005.2,1.5,Sunny
2021-05-28,32.7,57.7,47.1,999.5,0.1,Sunny
2021-05-29,38.4,58.3,18.1,1013.0,0.2,Sunny
2021-05-30,40.9,70.8,10.6,994.4,0.7,Drizzle
2021-05-31,34.8,64.4,15.5,1018.1,0.1,Sunny
2021-06-01,41.2,41.4,22.1,1012.7,0.5,Sunny
2021-06-02,41.0,62.5,31.8,1022.2,0.8,Sunny
2021-06-03,31.3,42.8,11.7,1014.6,0.4,Sunny
2021-06-04,35.7,51.1,13.0,1004.7,0.3,Sunny
2021-06-05,29.6,85.1,15.5,1000.7,1.1,Drizzle
2021-06-06,26.1,71.5,28.4,1014.1,0.0,Cloudy
2021-06-07,33.8,66.1,11.1,1030.4,1.2,Cloudy
2021-06-08,31.9,64.5,16.0,1022.7,0.2,Sunny
2021-06-09,31.8,43.8,12.3,1022.5,1.2,Sunny
2021-06-10,38.4,51.0,15.2,1021.2,0.9,Partly Cloudy
2021-06-11,37.4,60.0,18.8,1022.4,0.9,Sunny
2021-06-12,36.1,70.0,12.8,1001.5,0.4,Cloudy
2021-06-13,26.2,61.3,10.7,994.7,0.1,Partly Cloudy
2021-06-14,33.2,79.7,13.3,1014.5,0.7,Drizzle
2021-06-15,38.0,67.1,12.3,1001.6,0.7,Partly Cloudy
2021-06-16,41.4,51.0,14.5,1004.6,1.2,Partly Cloudy
2021-06-17,36.1,58.3,16.1,1003.0,0.2,Partly Cloudy
2021-06-18,33.4,63.6,,999.9,0.2,Partly Cloudy
2021-06-19,30.9,80.9,12.0,1007.7,0.7,Drizzle
2021-06-20,35.8,54.8,14.0,1004.4,0.1,Sunny
2021-06-21,39.6,77.2,10.5,1008.8,0.7,Drizzle
2021-06-22,35.1,48.8,,1006.4,0.3,Sunny
2021-06-23,40.2,61.7,14.4,1009.8,0.2,Partly Cloudy
2021-06-24,39.8,47.3,14.1,1002.1,0.4,Sunny
2021-06-25,34.2,67.0,13.8,1000.3,2.6,Sunny
2021-06-26,38.7,60.5,11.4,1003.8,0.9,Partly Cloudy
2021-06-27,35.1,50.5,15.9,1024.1,1.2,Sunny
2021-06-28,35.2,68.5,23.6,999.9,0.0,Partly Cloudy
2021-06-29,31.6,,12.6,1011.5,0.3,Sunny
2021-06-30,30.2,48.3,11.0,1014.6,1.0,Sunny
2021-07-01,31.1,64.6,10.3,,0.7,Sunny
2021-07-02,36.9,67.5,13.7,1020.9,0.2,Partly Cloudy
2021-07-03,33.8,68.7,11.3,1011.2,0.2,Cloudy
2021-07-04,34.2,61.8,18.5,1001.7,0.9,Partly Cloudy
2021-07-05,33.1,50.7,11.2,1018.7,0.2,Partly Cloudy
2021-07-06,36.6,77.3,25.7,1021.1,0.4,Drizzle
2021-07-07,40.5,38.3,16.0,1003.5,0.6,Sunny
2021-07-08,33.5,55.8,11.9,1024.3,0.3,Sunny
2021-07-09,38.2,67.1,16.2,988.4,0.4,Sunny
2021-07-10,39.0,71.4,10.7,995.8,0.4,Drizzle
2021-07-11,31.1,64.4,11.1,1024.5,0.5,Sunny
2021-07-12,39.7,58.2,14.4,1015.9,0.2,Sunny
2021-07-13,31.6,59.1,14.7,1008.9,0.6,Sunny
2021-07-14,28.3,67.9,13.4,1006.3,0.3,Sunny
2021-07-15,32.4,63.3,19.9,1013.5,0.4,Partly Cloudy
2021-07-16,38.3,70.7,11.8,1014.9,1.3,Drizzle
2021-07-17,33.0,72.8,14.4,1009.6,0.4,Drizzle
2021-07-18,37.2,64.6,17.7,1014.7,0.3,Partly Cloudy
2021-07-19,35.5,68.3,11.2,1006.2,1.0,Partly Cloudy
2021-07-20,31.2,83.2,14.7,1008.2,1.3,Drizzle
2021-07-21,33.1,38.0,12.6,1020.4,0.3,Sunny
2021-07-22,41.0,43.7,13.7,1016.4,1.6,Sunny
2021-07-23,36.0,80.0,17.1,1025.4,0.4,Drizzle
2021-07-24,36.6,77.8,13.5,1008.3,0.5,Drizzle
2021-07-25,35.1,53.7,14.1,1004.5,0.1,Sunny
2021-07-26,35.4,50.4,16.8,1016.8,0.1,Sunny
2021-07-27,32.6,71.6,12.8,995.0,0.1,Drizzle
2021-07-28,34.8,60.2,19.0,1013.6,0.4,Sunny
2021-07-29,31.4,63.2,12.7,,0.4,Partly Cloudy
2021-07-30,37.3,68.1,15.7,1005.9,0.3,Cloudy
2021-07-31,32.8,77.1,14.5,1010.6,0.1,Drizzle
2021-08-01,34.8,77.3,13.9,1018.0,0.8,Drizzle
2021-08-02,24.2,80.4,13.8,1011.3,0.3,Drizzle
2021-08-03,33.1,58.4,12.4,1014.5,0.5,Sunny
2021-08-04,31.2,67.2,21.5,1000.6,0.1,Partly Cloudy
2021-08-05,26.5,68.0,18.7,1018.0,0.8,Cloudy
2021-08-06,34.6,57.5,15.3,1000.5,0.4,Partly Cloudy
2021-08-07,33.9,72.3,19.7,996.7,2.9,Drizzle
2021-08-08,35.9,64.4,21.1,1024.4,0.8,Partly Cloudy
2021-08-09,29.1,53.7,18.3,1026.8,0.4,Sunny
2021-08-10,28.6,77.9,14.9,1013.6,0.2,Drizzle
2021-08-11,34.1,69.9,24.7,1023.0,0.8,Cloudy
2021-08-12,32.9,52.3,16.5,1011.0,1.2,Sunny
2021-08-13,31.7,67.9,13.9,1021.0,0.1,Sunny
2021-08-14,34.8,54.3,24.1,990.1,1.1,Sunny
2021-08-15,25.0,86.0,14.7,990.6,0.6,Drizzle
2021-08-16,25.5,75.5,20.2,1007.8,0.0,Cloudy
2021-08-17,31.0,61.8,18.4,1021.9,1.0,Sunny
2021-08-18,39.4,58.0,19.1,1006.4,0.5,Sunny
2021-08-19,29.9,85.1,14.4,1009.3,0.7,Drizzle
2021-08-20,29.3,58.3,16.5,1012.0,0.5,Sunny
2021-08-21,28.4,76.2,19.2,1005.1,0.9,Drizzle
2021-08-22,23.3,88.1,35.0,1022.6,1.3,Drizzle
2021-08-23,27.8,75.5,20.3,995.8,0.3,Drizzle
2021-08-24,26.9,72.8,32.4,1009.1,0.1,Drizzle
2021-08-25,28.6,66.4,17.5,1012.7,0.6,Cloudy
2021-08-26,25.5,92.0,17.7,994.2,0.2,Drizzle
2021-08-27,30.9,79.3,15.5,1000.1,0.5,Drizzle
2021-08-28,24.7,71.1,17.3,1021.9,0.0,Partly Cloudy
2021-08-29,28.0,92.9,16.9,1006.3,0.9,Drizzle
2021-08-30,22.1,78.9,15.6,1025.2,1.5,Drizzle
2021-08-31,27.9,63.7,31.3,1009.6,0.9,Sunny
2021-09-01,21.7,83.8,16.7,1003.2,0.3,Drizzle
2021-09-02,21.3,70.9,22.2,998.8,0.0,Partly Cloudy
2021-09-03,23.5,75.5,16.1,1001.0,0.0,Cloudy
2021-09-04,27.2,83.6,16.4,1004.3,0.2,Drizzle
2021-09-05,28.0,57.3,17.6,1022.2,0.5,Partly Cloudy
2021-09-06,27.0,70.9,24.9,1014.8,0.0,Cloudy
2021-09-07,29.4,59.7,23.1,1007.8,0.2,Partly Cloudy
2021-09-08,20.5,80.0,19.0,1002.1,0.3,Drizzle
2021-09-09,22.5,60.3,16.7,1006.6,0.7,Cloudy
2021-09-10,23.0,80.8,22.7,1003.5,0.1,Drizzle
2021-09-11,25.5,80.3,30.8,1004.0,0.2,Drizzle
2021-09-12,23.4,58.2,21.5,998.4,0.6,Partly Cloudy
2021-09-13,20.4,69.9,30.9,1008.1,,Partly Cloudy
2021-09-14,21.9,90.1,24.9,1007.2,0.1,Drizzle
2021-09-15,21.4,68.8,18.7,1033.9,0.4,Partly Cloudy
2021-09-16,24.6,80.0,25.1,1006.8,0.2,Drizzle
2021-09-17,27.6,52.2,32.4,1008.2,0.0,Sunny
2021-09-18,15.1,61.8,19.5,1023.6,0.9,Cloudy
2021-09-19,25.9,68.5,20.7,998.3,0.8,Cloudy
2021-09-20,27.7,79.4,20.2,1008.0,0.4,Drizzle
2021-09-21,20.2,82.7,19.5,996.3,0.1,Drizzle
2021-09-22,18.3,75.8,24.6,1019.6,1.7,Drizzle
2021-09-23,19.2,72.0,19.2,1010.9,0.7,Drizzle
2021-09-24,20.4,86.6,18.7,994.0,0.6,Drizzle
2021-09-25,20.0,82.1,19.3,1021.4,0.1,Drizzle
2021-09-26,17.4,82.0,31.9,1000.0,0.7,Drizzle
2021-09-27,22.1,68.3,21.1,1003.5,0.4,Cloudy
2021-09-28,25.0,57.1,21.7,1021.9,0.4,Cloudy
2021-09-29,19.8,61.9,19.4,1005.8,1.3,Sunny
2021-09-30,21.3,72.1,25.1,1011.4,0.7,Drizzle
2021-10-01,19.3,80.3,20.2,1006.8,0.3,Drizzle
2021-10-02,24.7,85.8,26.7,994.4,0.3,Drizzle
2021-10-03,27.9,53.0,27.2,1007.7,0.8,Partly Cloudy
2021-10-04,15.4,90.7,20.6,1003.6,0.2,Drizzle
2021-10-05,26.1,72.3,38.1,1008.3,0.0,Cloudy
2021-10-06,22.0,76.9,23.9,1003.6,1.2,Drizzle
2021-10-07,18.4,59.5,21.9,1009.7,0.4,Sunny
2021-10-08,14.7,86.6,20.8,1009.4,0.8,Drizzle
2021-10-09,21.1,65.9,21.1,1017.1,0.6,Sunny
2021-10-10,18.2,67.9,24.9,1006.1,0.9,Partly Cloudy
2021-10-11,13.4,100.0,34.8,1004.7,0.2,Drizzle
2021-10-12,15.1,96.4,24.8,1019.5,3.8,Drizzle
2021-10-13,15.7,76.8,21.2,1003.0,1.0,Drizzle
2021-10-14,15.2,70.4,23.3,1002.9,0.3,Drizzle
2021-10-15,12.4,98.4,22.8,1001.4,0.5,Drizzle
2021-10-16,18.7,92.9,24.8,1022.1,0.4,Drizzle
2021-10-17,16.7,74.6,22.4,998.0,1.5,Drizzle
2021-10-18,15.2,92.1,23.6,989.5,0.2,Drizzle
2021-10-19,14.5,94.2,23.9,1018.6,0.2,Drizzle
2021-10-20,13.3,85.8,25.2,1003.1,0.7,Drizzle
2021-10-21,15.8,81.6,24.2,1006.2,0.1,Drizzle
2021-10-22,13.0,,34.4,1013.9,0.6,Drizzle
2021-10-23,14.6,83.7,36.1,1015.1,2.5,Drizzle
2021-10-24,18.0,93.5,27.3,1010.5,1.2,Drizzle
2021-10-25,6.2,100.0,25.6,1013.8,0.0,Cloudy
2021-10-26,10.8,88.1,28.4,1001.1,1.1,Drizzle
2021-10-27,15.4,91.8,24.6,1002.1,,Drizzle
2021-10-28,20.7,77.0,29.2,1010.6,0.1,Drizzle
2021-10-29,11.8,72.5,32.4,1009.5,0.1,Drizzle
2021-10-30,15.3,81.2,43.1,1015.3,0.1,Drizzle
2021-10-31,5.8,89.3,24.2,1013.6,0.0,Partly Cloudy
2021-11-01,9.7,89.4,29.7,1009.8,0.5,Drizzle
2021-11-02,10.0,100.0,23.6,1020.7,0.3,Drizzle
2021-11-03,12.5,99.0,31.1,997.6,16.6,Rainy
2021-11-04,11.1,88.0,25.3,995.7,0.9,Drizzle
2021-11-05,11.2,78.5,26.2,1022.4,0.3,Drizzle
2021-11-06,7.8,87.0,27.4,1001.3,0.7,Drizzle
2021-11-07,7.8,63.0,26.3,1004.7,0.9,Cloudy
2021-11-08,12.7,72.9,25.8,1019.3,0.4,Drizzle
2021-11-09,8.8,74.8,25.0,1001.7,0.1,Drizzle
2021-11-10,11.9,83.7,26.2,1007.3,0.5,Drizzle
2021-11-11,11.5,74.6,30.0,1015.4,0.8,Drizzle
2021-11-12,11.2,66.5,26.4,1012.4,0.7,Partly Cloudy
2021-11-13,15.4,83.8,25.7,989.0,0.2,Drizzle
2021-11-14,12.1,77.7,45.3,1014.0,0.3,Drizzle
2021-11-15,9.8,87.2,30.3,1005.4,0.9,Drizzle
2021-11-16,1.9,84.3,26.5,988.7,0.0,Cloudy
2021-11-17,10.0,100.0,33.6,1002.1,0.3,Drizzle
2021-11-18,6.9,85.5,29.7,1005.8,1.9,Drizzle
2021-11-19,17.0,74.8,34.2,1010.8,1.2,Drizzle
2021-11-20,8.8,91.4,43.7,1008.6,0.1,Drizzle
2021-11-21,18.9,79.8,26.5,996.4,0.3,Drizzle
2021-11-22,13.4,81.6,31.3,1002.8,0.8,Drizzle
2021-11-23,11.2,65.5,35.0,1002.2,0.1,Sunny
2021-11-24,7.6,58.6,38.3,1004.9,0.1,Cloudy
2021-11-25,11.8,75.1,30.3,1005.8,0.5,Drizzle
2021-11-26,11.8,80.6,28.8,1009.7,0.4,Drizzle
2021-11-27,9.0,92.2,31.5,1015.4,1.1,Drizzle
2021-11-28,9.3,95.1,30.6,1003.3,0.5,Drizzle
2021-11-29,14.8,67.8,27.1,1008.2,1.8,Partly Cloudy
2021-11-30,14.9,94.9,26.4,1015.2,1.4,Drizzle
2021-12-01,5.3,83.3,28.3,1006.8,0.3,Drizzle
2021-12-02,12.5,75.8,34.8,1015.1,1.2,Drizzle
2021-12-03,16.2,79.7,28.7,998.1,0.7,Drizzle
2021-12-04,5.9,100.0,31.4,1009.7,0.1,Drizzle
2021-12-05,13.1,82.3,29.3,1007.1,1.2,Drizzle
2021-12-06,4.6,70.0,28.0,1014.7,0.8,Partly Cloudy
2021-12-07,9.1,67.8,26.1,998.6,0.1,Sunny
2021-12-08,8.9,91.4,27.8,1003.0,0.4,Drizzle
2021-12-09,9.6,76.3,33.8,1013.7,0.4,Drizzle
2021-12-10,6.1,84.1,,998.0,0.5,Drizzle
2021-12-11,15.9,88.7,29.7,1019.1,0.3,Drizzle
2021-12-12,9.7,99.5,26.3,1017.1,0.2,Drizzle
2021-12-13,14.8,71.7,26.5,1035.3,0.7,Drizzle
2021-12-14,10.0,83.5,36.0,1000.7,0.4,Drizzle
2021-12-15,3.4,90.5,,1020.5,1.8,Drizzle
2021-12-16,10.8,88.6,28.8,1011.9,0.2,Drizzle
2021-12-17,9.4,86.6,28.6,1007.3,0.4,Drizzle
2021-12-18,6.2,85.4,37.3,1006.7,0.3,Drizzle
2021-12-19,12.5,86.9,30.0,1012.5,0.3,Drizzle
2021-12-20,10.2,73.3,38.1,997.4,0.7,Drizzle
2021-12-21,9.2,100.0,26.8,1006.4,0.4,Drizzle
2021-12-22,6.4,76.8,27.7,1016.3,0.9,Drizzle
2021-12-23,9.1,86.6,30.0,994.5,0.2,Drizzle
2021-12-24,7.8,91.9,33.0,1004.4,0.3,Drizzle
2021-12-25,8.6,88.1,,1017.6,0.4,Drizzle
2021-12-26,4.0,100.0,26.2,1009.8,0.0,Cloudy
2021-12-27,9.0,79.0,26.9,1005.0,0.1,Drizzle
2021-12-28,10.3,84.0,27.3,1010.3,0.0,Partly Cloudy
2021-12-29,1.8,88.3,41.4,,0.8,Drizzle
2021-12-30,14.4,79.4,28.2,1003.2,0.5,Drizzle
2021-12-31,5.3,80.5,29.9,1012.4,0.7,Drizzle
2022-01-01,11.0,72.6,27.1,1017.5,0.2,Drizzle
2022-01-02,13.9,86.1,28.1,1001.2,0.5,Drizzle
2022-01-03,10.7,77.2,29.1,1002.1,0.1,Drizzle
2022-01-04,6.5,100.0,36.2,996.8,1.1,Drizzle
2022-01-05,12.5,100.0,31.0,1008.4,0.2,Drizzle
2022-01-06,6.1,86.6,31.8,1006.3,0.5,Drizzle
2022-01-07,7.8,64.4,30.2,1024.2,0.1,Partly Cloudy
2022-01-08,7.7,94.2,,1013.6,1.2,Drizzle
2022-01-09,7.3,89.1,26.8,1015.9,0.1,Drizzle
2022-01-10,7.1,76.9,27.6,994.3,0.2,Drizzle
2022-01-11,5.9,73.5,32.9,1026.5,0.9,Drizzle
2022-01-12,10.2,93.8,31.4,1008.8,0.3,Drizzle
2022-01-13,9.4,100.0,25.4,996.0,0.1,Drizzle
2022-01-14,6.2,88.4,36.3,1011.3,1.0,Drizzle
2022-01-15,8.0,93.3,25.9,1013.7,0.2,Drizzle
2022-01-16,7.2,,29.2,1014.0,0.8,Drizzle
2022-01-17,9.1,89.4,25.6,1001.6,0.2,Drizzle
2022-01-18,15.5,92.8,26.7,1022.0,0.3,Drizzle
2022-01-19,7.4,84.6,27.4,1019.0,0.2,Drizzle
2022-01-20,10.5,96.9,25.7,994.4,0.4,Drizzle
2022-01-21,12.2,94.2,29.5,994.9,0.1,Drizzle
2022-01-22,9.2,79.1,26.2,1018.4,0.0,Partly Cloudy
2022-01-23,12.0,82.6,30.3,1007.9,1.3,Drizzle
2022-01-24,9.8,77.2,24.7,1004.5,0.3,Drizzle
2022-01-25,11.1,77.6,34.3,1008.0,1.7,Drizzle
2022-01-26,6.8,94.3,44.4,1002.3,0.4,Drizzle
2022-01-27,15.1,77.2,29.7,1018.9,1.2,Drizzle
2022-01-28,9.6,,26.7,1009.1,1.3,Drizzle
2022-01-29,11.5,84.7,27.2,1024.9,0.2,Drizzle
2022-01-30,12.2,94.3,28.8,1018.3,1.0,Drizzle
2022-01-31,12.3,87.2,25.5,1026.3,0.2,Drizzle
2022-02-01,8.0,87.7,34.4,1009.0,0.4,Drizzle
2022-02-02,13.7,83.7,26.3,1009.8,0.4,Drizzle
2022-02-03,8.0,98.9,23.8,1011.9,0.8,Drizzle
2022-02-04,7.2,93.2,36.5,1015.8,0.6,Drizzle
2022-02-05,13.1,68.0,24.4,999.3,2.2,Partly Cloudy
2022-02-06,15.9,88.1,,1011.8,0.4,Drizzle
2022-02-07,11.4,87.6,25.6,1006.5,0.4,Drizzle
2022-02-08,10.6,80.1,31.7,1016.4,1.2,Drizzle
2022-02-09,18.4,98.4,38.4,1001.5,0.2,Drizzle
2022-02-10,15.2,88.1,45.7,1012.4,0.7,Drizzle
2022-02-11,17.9,79.9,24.6,1024.5,0.1,Drizzle
2022-02-12,20.2,58.7,33.2,1012.8,0.7,Partly Cloudy
2022-02-13,19.4,84.8,25.2,1016.3,0.7,Drizzle
2022-02-14,18.2,66.4,26.7,1003.1,2.1,Cloudy
2022-02-15,16.5,86.2,22.5,1001.9,0.2,Drizzle
2022-02-16,8.9,98.7,25.0,1006.6,0.1,Drizzle
2022-02-17,18.8,82.5,24.2,1011.8,0.1,Drizzle
2022-02-18,15.6,81.1,28.0,1011.7,0.5,Drizzle
2022-02-19,15.3,85.2,29.9,1016.2,2.3,Drizzle
2022-02-20,11.0,93.3,26.9,1000.7,0.1,Drizzle
2022-02-21,11.2,78.8,25.1,1021.1,0.7,Drizzle
2022-02-22,15.9,80.6,22.9,1007.5,0.5,Drizzle
2022-02-23,13.3,77.0,24.3,1012.2,0.3,Drizzle
2022-02-24,21.1,70.5,33.7,991.2,0.2,Drizzle
2022-02-25,16.9,83.8,21.8,1015.5,0.4,Drizzle
2022-02-26,16.2,90.2,22.7,1011.2,0.1,Drizzle
2022-02-27,12.5,61.0,23.2,1007.5,0.6,Cloudy
2022-02-28,18.2,76.8,21.0,1015.0,0.2,Drizzle
2022-03-01,14.0,98.2,32.0,1001.3,1.3,Drizzle
2022-03-02,14.1,82.9,21.3,997.4,0.7,Drizzle
2022-03-03,19.1,69.9,26.6,988.8,0.4,Sunny
2022-03-04,17.9,75.5,21.0,1002.2,0.4,Drizzle
2022-03-05,17.1,75.3,20.7,1001.2,1.5,Drizzle
2022-03-06,20.2,90.0,23.1,1011.9,0.1,Drizzle
2022-03-07,25.1,71.1,22.8,1010.0,0.4,Drizzle
2022-03-08,19.9,74.1,22.4,998.9,0.2,Drizzle
2022-03-09,18.1,80.7,22.1,1011.0,0.1,Drizzle
2022-03-10,19.8,79.1,24.0,1010.4,0.1,Drizzle
2022-03-11,24.3,76.2,21.5,1011.0,0.3,Drizzle
2022-03-12,25.6,68.8,22.4,1002.3,0.5,Sunny
2022-03-13,18.5,71.7,,1009.2,0.0,Cloudy
2022-03-14,24.8,77.8,20.4,1018.5,0.1,Drizzle
2022-03-15,13.8,79.5,28.0,1013.0,0.4,Drizzle
2022-03-16,17.5,76.1,21.4,993.4,0.7,Drizzle
2022-03-17,23.4,63.5,32.8,1020.7,0.2,Partly Cloudy
2022-03-18,21.2,73.2,19.5,1010.9,0.4,Drizzle
2022-03-19,21.0,68.9,22.2,1016.4,0.3,Cloudy
2022-03-20,20.8,75.5,28.0,1009.2,2.1,Drizzle
2022-03-21,20.8,58.5,29.8,1003.5,0.0,Sunny
2022-03-22,21.9,75.5,18.6,1003.0,0.1,Drizzle
2022-03-23,20.5,66.9,26.6,1013.9,0.4,Sunny
2022-03-24,16.8,68.6,20.1,1013.5,0.3,Cloudy
2022-03-25,24.0,66.9,20.0,1012.3,0.6,Partly Cloudy
2022-03-26,21.6,65.6,19.4,1009.1,0.7,Sunny
2022-03-27,27.0,75.3,26.8,1007.9,0.1,Drizzle
2022-03-28,30.2,73.8,34.8,1004.2,0.6,Drizzle
2022-03-29,24.5,74.9,20.2,1000.9,0.4,Drizzle
2022-03-30,26.3,72.2,17.8,1017.9,0.4,Drizzle
2022-03-31,30.0,67.3,26.1,1006.0,1.0,Sunny
2022-04-01,21.3,75.5,23.5,1000.7,0.8,Drizzle
2022-04-02,23.2,80.6,22.1,1010.7,0.1,Drizzle
2022-04-03,28.2,83.8,21.7,1004.2,0.3,Drizzle
2022-04-04,29.1,56.8,26.4,1002.4,0.1,Sunny
2022-04-05,29.4,65.3,30.9,1009.5,,Partly Cloudy
2022-04-06,29.9,66.5,17.0,1010.3,0.0,Cloudy
2022-04-07,20.1,80.4,16.0,991.3,1.2,Drizzle
2022-04-08,25.8,68.5,18.0,1020.0,0.3,Sunny
2022-04-09,25.6,84.9,21.9,1004.0,0.0,Cloudy
2022-04-10,20.8,86.5,15.7,995.5,3.3,Drizzle
2022-04-11,29.7,64.5,48.1,1021.1,0.4,Partly Cloudy
2022-04-12,31.4,63.4,26.8,1008.3,0.4,Sunny
2022-04-13,27.5,54.6,16.5,1011.8,0.2,Sunny
2022-04-14,27.2,85.5,27.9,1009.3,0.3,Drizzle
2022-04-15,27.8,59.3,15.2,,2.9,Sunny
2022-04-16,28.6,61.7,15.7,1021.2,0.6,Sunny
2022-04-17,38.0,59.7,18.6,998.6,0.1,Partly Cloudy
2022-04-18,29.8,66.3,17.3,996.9,0.5,Sunny
2022-04-19,26.4,52.8,16.0,1008.0,0.1,Sunny
2022-04-20,31.2,71.9,26.1,1018.4,0.1,Drizzle
2022-04-21,27.6,54.9,19.0,1002.0,1.0,Sunny
2022-04-22,25.6,89.4,20.3,1015.0,1.0,Drizzle
2022-04-23,36.3,54.0,22.2,1005.3,0.3,Sunny
2022-04-24,31.3,62.9,15.9,1002.1,0.0,Sunny
2022-04-25,28.4,65.8,14.8,1033.3,0.2,Cloudy
2022-04-26,27.4,84.8,21.9,1003.4,1.4,Drizzle
2022-04-27,30.1,62.8,21.3,1010.2,0.4,Partly Cloudy
2022-04-28,30.8,77.2,18.7,1012.8,1.1,Drizzle
2022-04-29,27.2,72.5,16.8,1017.1,0.0,Cloudy
2022-04-30,31.5,63.4,13.3,1012.4,0.5,Partly Cloudy
2022-05-01,35.0,49.6,21.5,1022.7,0.1,Sunny
2022-05-02,35.3,61.4,14.5,1000.2,0.6,Sunny
2022-05-03,24.0,73.3,14.4,1004.6,0.6,Drizzle
2022-05-04,37.7,61.2,15.3,1018.2,1.3,Partly Cloudy
2022-05-05,34.0,60.6,21.1,1006.9,0.1,Sunny
2022-05-06,30.6,56.1,20.2,1004.2,0.3,Sunny
2022-05-07,34.1,61.3,25.1,1008.9,0.6,Partly Cloudy
2022-05-08,26.3,72.6,21.0,1008.7,1.5,Drizzle
2022-05-09,30.8,76.4,13.1,999.4,0.0,Cloudy
2022-05-10,29.7,58.2,21.8,1015.6,0.3,Sunny
2022-05-11,32.8,64.9,12.4,1016.0,0.7,Partly Cloudy
2022-05-12,31.0,71.6,13.7,1006.2,0.1,Drizzle
2022-05-13,35.8,64.5,14.5,1011.8,0.9,Sunny
2022-05-14,32.1,81.3,21.2,993.9,0.0,Cloudy
2022-05-15,27.5,,13.4,991.5,1.0,Drizzle
2022-05-16,39.1,67.2,15.5,1007.7,0.2,Cloudy
2022-05-17,32.0,69.7,13.9,1003.2,0.7,Sunny
2022-05-18,29.1,66.6,11.9,1022.0,0.8,Sunny
2022-05-19,33.5,73.1,13.2,1000.2,1.6,Drizzle
2022-05-20,33.1,64.1,15.1,1017.3,0.0,Sunny
2022-05-21,37.2,48.4,15.2,1024.7,0.1,Sunny
2022-05-22,31.4,55.6,12.0,1014.9,0.5,Sunny
2022-05-23,37.2,58.2,18.0,999.9,0.6,Sunny
2022-05-24,34.4,79.2,18.6,1005.9,0.3,Drizzle
2022-05-25,34.0,68.8,33.4,1012.1,0.2,Partly Cloudy
2022-05-26,37.3,75.0,15.4,1005.0,0.6,Drizzle
2022-05-27,42.3,55.0,,1002.0,0.6,Sunny
2022-05-28,34.8,53.9,13.0,1010.0,0.1,Sunny
2022-05-29,36.4,69.3,14.6,994.4,0.5,Sunny
2022-05-30,35.3,70.1,14.5,1004.7,0.6,Drizzle
2022-05-31,35.9,88.1,,998.7,0.2,Drizzle
2022-06-01,37.5,58.1,12.2,1009.8,0.8,Sunny
2022-06-02,36.0,72.7,12.6,1010.0,2.0,Drizzle
2022-06-03,35.4,59.8,16.1,985.9,0.0,Sunny
2022-06-04,40.7,59.3,13.6,1004.4,0.5,Partly Cloudy
2022-06-05,36.8,61.8,27.6,999.1,0.2,Partly Cloudy
2022-06-06,35.0,62.4,27.8,1020.9,0.8,Sunny
2022-06-07,41.0,73.3,18.9,1028.9,0.7,Drizzle
2022-06-08,33.6,78.5,10.4,1014.6,0.2,Drizzle
2022-06-09,40.0,77.1,12.6,1017.8,0.1,Drizzle
2022-06-10,39.2,53.5,17.3,1005.9,0.3,Partly Cloudy
2022-06-11,35.1,69.4,,1004.6,0.2,Cloudy
2022-06-12,40.1,45.6,22.1,1005.7,0.6,Sunny
2022-06-13,41.1,71.0,11.3,996.5,0.0,Partly Cloudy
2022-06-14,31.3,71.4,17.9,1007.5,1.1,Drizzle
2022-06-15,36.0,56.3,11.1,1012.2,0.1,Sunny
2022-06-16,40.4,47.8,13.2,1008.5,1.0,Sunny
2022-06-17,32.2,71.1,11.2,995.2,0.1,Drizzle
2022-06-18,33.6,77.2,15.0,1008.6,0.2,Drizzle
2022-06-19,35.0,48.2,11.7,1000.7,0.0,Sunny
2022-06-20,39.3,61.8,11.9,1018.4,0.1,Partly Cloudy
2022-06-21,33.5,69.8,15.4,1011.2,0.2,Sunny
2022-06-22,30.6,70.2,16.8,992.1,1.8,Drizzle
2022-06-23,37.2,77.1,12.3,1012.0,0.1,Drizzle
2022-06-24,39.2,66.3,13.1,999.2,1.5,Sunny
2022-06-25,37.4,57.0,19.0,1006.8,,Sunny
2022-06-26,31.9,43.5,17.9,1027.2,0.2,Sunny
2022-06-27,40.9,66.1,27.6,1016.4,0.3,Sunny
2022-06-28,39.9,52.9,13.1,1003.6,0.4,Sunny
2022-06-29,38.8,60.9,18.0,999.9,0.0,Sunny
2022-06-30,36.7,91.1,19.3,996.8,0.0,Cloudy
2022-07-01,36.3,61.1,15.1,1014.1,0.6,Sunny
2022-07-02,40.0,70.7,24.0,1003.5,0.3,Drizzle
2022-07-03,35.1,55.3,,1004.3,0.2,Sunny
2022-07-04,37.0,60.8,19.0,1000.6,0.4,Sunny
2022-07-05,36.7,64.9,19.7,1002.0,0.5,Sunny
2022-07-06,33.3,75.7,13.5,1007.9,0.4,Drizzle
2022-07-07,30.5,78.3,12.7,1007.8,0.8,Drizzle
2022-07-08,34.3,70.6,21.9,1009.9,0.2,Drizzle
2022-07-09,45.0,52.5,10.9,999.3,0.1,Sunny
2022-07-10,35.9,57.6,16.2,1027.6,0.2,Sunny
2022-07-11,29.6,51.0,13.7,1012.1,0.5,Sunny
2022-07-12,31.7,64.3,13.0,1031.2,0.1,Partly Cloudy
2022-07-13,33.8,65.7,19.4,1015.4,0.6,Sunny
2022-07-14,32.8,82.6,11.2,1006.9,0.2,Drizzle
2022-07-15,35.4,47.3,11.2,1013.4,0.9,Sunny
2022-07-16,36.5,80.4,29.6,1001.6,0.1,Drizzle
2022-07-17,35.4,57.2,11.1,1011.8,1.3,Sunny
2022-07-18,39.9,53.6,21.3,1013.6,0.3,Sunny
2022-07-19,34.7,44.2,20.9,1022.6,0.1,Sunny
2022-07-20,32.5,60.8,11.7,1017.3,0.9,Sunny
2022-07-21,29.3,76.1,12.4,1001.9,0.6,Drizzle
2022-07-22,31.9,62.9,13.6,1015.0,0.0,Sunny
2022-07-23,32.3,65.1,11.5,1018.9,0.2,Sunny
2022-07-24,30.7,68.6,20.4,1001.6,0.1,Partly Cloudy
2022-07-25,33.8,60.5,15.5,999.6,1.3,Sunny
2022-07-26,38.8,65.2,13.8,1026.7,0.0,Partly Cloudy
2022-07-27,31.1,72.2,18.0,1015.2,0.6,Drizzle
2022-07-28,25.2,74.8,18.2,1006.9,1.8,Drizzle
2022-07-29,31.3,58.8,20.4,1011.5,0.9,Sunny
2022-07-30,35.1,56.3,16.6,1005.6,0.0,Sunny
2022-07-31,29.6,80.0,14.7,1018.4,1.9,Drizzle
2022-08-01,31.8,92.4,13.1,1004.5,0.1,Drizzle
2022-08-02,27.4,87.4,19.3,1008.1,1.1,Drizzle
2022-08-03,38.0,60.4,16.9,1005.7,0.1,Partly Cloudy
2022-08-04,32.1,63.1,17.0,997.2,1.0,Partly Cloudy
2022-08-05,33.2,61.5,16.9,1009.5,0.1,Sunny
2022-08-06,24.5,87.8,13.8,987.8,1.6,Drizzle
2022-08-07,41.0,44.3,15.9,1018.7,0.2,Sunny
2022-08-08,28.4,63.4,18.0,1011.6,0.4,Partly Cloudy
2022-08-09,31.5,60.4,13.7,1011.8,0.5,Sunny
2022-08-10,31.4,78.6,20.8,1008.0,0.7,Drizzle
2022-08-11,31.3,58.5,15.6,1014.7,1.0,Sunny
2022-08-12,24.4,62.3,22.9,1006.9,0.8,Sunny
2022-08-13,33.1,48.0,14.9,1020.4,0.2,Sunny
2022-08-14,28.5,71.4,18.5,1014.0,0.1,Drizzle
2022-08-15,29.6,68.7,14.1,1009.5,0.4,Partly Cloudy
2022-08-16,31.0,81.4,13.9,999.8,0.6,Drizzle
2022-08-17,26.0,,14.2,1016.0,0.5,Drizzle
2022-08-18,30.5,64.6,16.7,1005.5,0.4,Sunny
2022-08-19,26.0,75.5,18.3,1012.9,0.6,Drizzle
2022-08-20,25.8,66.9,15.7,1010.6,1.0,Partly Cloudy
2022-08-21,32.4,59.6,18.0,1010.8,0.8,Partly Cloudy
2022-08-22,32.8,71.1,22.8,1004.2,0.9,Drizzle
2022-08-23,28.2,68.6,21.6,1008.0,0.4,Sunny
2022-08-24,30.8,52.1,25.3,1007.9,0.2,Sunny
2022-08-25,23.9,64.9,21.6,1018.3,0.4,Cloudy
2022-08-26,20.9,79.7,15.5,1003.3,1.3,Drizzle
2022-08-27,24.5,68.9,17.2,1007.3,0.3,Partly Cloudy
2022-08-28,22.0,82.4,15.4,1003.5,0.2,Drizzle
2022-08-29,26.1,66.7,34.5,1013.7,0.1,Cloudy
2022-08-30,22.3,83.5,17.5,1005.1,0.5,Drizzle
2022-08-31,27.6,73.8,16.0,1005.2,0.9,Drizzle
2022-09-01,19.7,87.3,,992.3,0.0,Cloudy
2022-09-02,27.8,86.9,,1022.4,0.3,Drizzle
2022-09-03,26.8,72.9,18.3,1011.5,0.0,Cloudy
2022-09-04,21.8,88.7,24.2,1002.0,1.5,Drizzle
2022-09-05,24.2,81.5,16.9,1037.8,1.3,Drizzle
2022-09-06,23.2,56.4,16.6,1006.8,0.5,Sunny
2022-09-07,25.8,64.5,20.2,1015.5,1.2,Sunny
2022-09-08,31.5,74.8,25.4,1018.3,0.5,Drizzle
2022-09-09,19.2,86.5,26.7,992.9,0.0,Cloudy
2022-09-10,24.7,72.6,19.5,997.2,0.0,Cloudy
2022-09-11,22.7,79.1,19.0,1001.1,0.2,Drizzle
2022-09-12,24.6,57.5,18.2,1016.7,0.0,Sunny
2022-09-13,27.2,78.7,18.5,1019.0,0.1,Drizzle
2022-09-14,24.4,83.8,18.0,1003.9,0.2,Drizzle
2022-09-15,20.0,78.1,21.1,1004.7,0.3,Drizzle
2022-09-16,21.6,69.3,21.1,1017.3,0.1,Partly Cloudy
2022-09-17,21.3,65.8,21.6,1014.2,0.5,Cloudy
2022-09-18,26.3,69.0,31.3,1002.0,0.3,Cloudy
2022-09-19,16.9,94.9,20.9,1009.9,0.5,Drizzle
2022-09-20,25.7,68.2,19.9,1027.6,0.1,Partly Cloudy
2022-09-21,22.9,72.8,18.3,1000.2,0.7,Drizzle
2022-09-22,20.4,74.3,21.2,1004.8,0.2,Drizzle
2022-09-23,25.1,70.4,20.5,1009.5,0.5,Drizzle
2022-09-24,27.7,66.0,23.9,998.7,0.8,Cloudy
2022-09-25,20.2,58.5,19.9,1018.2,0.3,Cloudy
2022-09-26,16.5,86.7,26.7,998.7,1.0,Drizzle
2022-09-27,18.2,81.0,25.7,1018.0,0.8,Drizzle
2022-09-28,18.5,83.2,27.4,1011.1,0.4,Drizzle
2022-09-29,21.3,75.4,21.5,1005.6,0.7,Drizzle
2022-09-30,23.7,52.2,33.3,1018.7,0.7,Sunny
2022-10-01,23.8,89.3,22.6,1021.3,0.7,Drizzle
2022-10-02,20.5,74.8,24.8,1017.6,0.6,Drizzle
2022-10-03,25.0,61.3,26.4,1004.9,0.2,Cloudy
2022-10-04,20.8,65.8,24.1,1009.8,0.1,Partly Cloudy
2022-10-05,12.6,92.5,22.6,999.7,0.2,Drizzle
2022-10-06,22.6,55.6,29.1,1012.8,0.1,Sunny
2022-10-07,18.6,90.7,25.7,1005.5,0.9,Drizzle
2022-10-08,13.5,79.8,25.0,999.1,0.0,Partly Cloudy
2022-10-09,17.3,82.9,20.7,1012.6,0.8,Drizzle
2022-10-10,24.0,76.8,22.1,1017.5,0.3,Drizzle
2022-10-11,14.3,87.7,21.4,1011.4,0.1,Drizzle
2022-10-12,21.6,77.8,23.0,1015.8,1.3,Drizzle
2022-10-13,25.0,66.6,22.5,1000.4,0.9,Partly Cloudy
2022-10-14,10.5,69.2,23.1,995.7,0.9,Partly Cloudy
2022-10-15,14.3,78.8,27.1,1015.8,1.0,Drizzle
2022-10-16,17.7,57.6,29.9,1013.4,0.7,Partly Cloudy
2022-10-17,14.2,79.4,26.2,998.2,0.3,Drizzle
2022-10-18,17.5,78.0,31.3,1011.7,0.2,Drizzle
2022-10-19,15.9,80.1,22.7,1008.6,0.7,Drizzle
2022-10-20,12.3,75.1,24.8,987.6,0.0,Partly Cloudy
2022-10-21,16.0,78.5,25.5,1002.3,0.1,Drizzle
2022-10-22,18.0,79.6,24.2,1005.4,0.3,Drizzle
2022-10-23,15.4,83.0,32.7,1019.5,0.5,Drizzle
2022-10-24,13.4,92.1,26.6,1011.9,0.2,Drizzle
2022-10-25,16.2,72.6,25.6,1004.7,0.1,Drizzle
2022-10-26,13.7,60.4,28.3,1008.9,0.4,Sunny
2022-10-27,21.4,84.1,24.1,1005.6,0.4,Drizzle
2022-10-28,13.8,79.5,30.0,1002.3,1.1,Drizzle
2022-10-29,13.7,79.0,,1006.8,0.2,Drizzle
2022-10-30,17.0,78.6,26.1,1008.9,0.2,Drizzle
2022-10-31,12.8,81.2,33.3,1015.1,0.7,Drizzle
2022-11-01,15.2,80.3,23.4,1008.4,0.2,Drizzle
2022-11-02,9.9,81.8,24.4,1009.2,0.1,Drizzle
2022-11-03,9.5,87.6,36.5,997.0,0.3,Drizzle
2022-11-04,11.0,72.7,29.0,1008.0,0.6,Drizzle
2022-11-05,7.2,100.0,26.7,1009.0,0.2,Drizzle
2022-11-06,14.4,81.0,32.4,1000.5,0.2,Drizzle
2022-11-07,10.0,84.5,30.1,1007.0,0.1,Drizzle
2022-11-08,13.1,74.7,30.0,,0.2,Drizzle
2022-11-09,15.7,77.2,31.8,1008.6,0.7,Drizzle
2022-11-10,8.3,96.9,24.2,1010.8,0.2,Drizzle
2022-11-11,8.9,67.8,28.0,1012.5,0.9,Partly Cloudy
2022-11-12,6.9,85.6,39.4,1006.2,0.5,Drizzle
2022-11-13,6.7,88.4,25.5,1013.2,0.3,Drizzle
2022-11-14,12.9,84.9,25.8,1005.4,0.0,Cloudy
2022-11-15,11.2,81.2,37.4,1005.8,0.1,Drizzle
2022-11-16,5.0,89.4,28.3,995.7,1.2,Drizzle
2022-11-17,7.3,74.9,28.2,1007.6,0.5,Drizzle
2022-11-18,19.5,70.1,36.7,1001.8,0.3,Drizzle
2022-11-19,17.3,79.7,32.6,1004.3,0.0,Cloudy
2022-11-20,9.6,96.4,,1011.4,0.2,Drizzle
2022-11-21,9.8,75.5,31.4,1011.1,0.6,Drizzle
2022-11-22,19.2,83.7,26.2,1026.9,0.2,Drizzle
2022-11-23,8.4,78.4,32.0,1004.8,,Drizzle
2022-11-24,9.1,92.8,27.3,1000.9,1.2,Drizzle
2022-11-25,14.0,68.6,32.1,999.3,0.0,Partly Cloudy
2022-11-26,11.9,74.8,27.6,1012.2,0.8,Drizzle
2022-11-27,4.3,100.0,,1021.8,0.7,Drizzle
2022-11-28,11.5,71.9,30.1,,0.1,Drizzle
2022-11-29,15.4,85.2,31.2,1021.2,0.2,Drizzle
2022-11-30,8.2,71.7,27.2,1011.6,0.2,Drizzle
2022-12-01,11.7,89.7,45.4,1010.1,0.1,Drizzle
2022-12-02,13.1,87.9,28.6,1011.5,0.1,Drizzle
2022-12-03,6.9,100.0,29.3,1003.2,0.3,Drizzle
2022-12-04,17.2,73.0,28.4,1004.4,0.1,Drizzle
2022-12-05,6.2,89.6,26.8,1003.1,0.4,Drizzle
2022-12-06,4.7,88.6,34.4,1018.9,0.7,Drizzle
2022-12-07,-2.0,100.0,32.8,1014.5,0.1,Drizzle
2022-12-08,3.2,100.0,26.5,1023.9,0.1,Drizzle
2022-12-09,7.6,73.1,32.8,1014.2,1.7,Drizzle
2022-12-10,1.7,96.1,44.3,1023.8,0.6,Drizzle
2022-12-11,4.6,78.1,33.5,1008.2,0.1,Drizzle
2022-12-12,6.1,75.4,29.8,1009.6,0.2,Drizzle
2022-12-13,4.0,100.0,31.1,1015.6,0.1,Drizzle
2022-12-14,11.9,67.9,29.1,990.9,0.2,Partly Cloudy
2022-12-15,1.3,100.0,32.1,999.5,9.6,Rainy
2022-12-16,8.7,84.6,31.1,1007.1,0.1,Drizzle
2022-12-17,11.6,86.3,26.1,1006.3,0.2,Drizzle
2022-12-18,6.4,82.8,33.4,999.4,0.4,Drizzle
2022-12-19,6.6,84.9,27.9,1008.5,0.3,Drizzle
2022-12-20,14.2,90.3,28.7,996.8,0.8,Drizzle
2022-12-21,10.7,93.3,30.2,1016.1,0.8,Drizzle
2022-12-22,10.0,95.6,39.0,1006.3,0.1,Drizzle
2022-12-23,6.4,81.0,29.3,1007.5,0.4,Drizzle
2022-12-24,13.3,71.7,30.3,1013.8,0.2,Drizzle
2022-12-25,4.2,91.9,35.1,1010.7,0.1,Drizzle
2022-12-26,9.8,75.1,29.6,1016.3,0.3,Drizzle
2022-12-27,7.9,87.6,27.6,1006.1,0.1,Drizzle
2022-12-28,9.3,80.8,29.0,1017.0,0.7,Drizzle
2022-12-29,11.9,94.1,29.4,1022.4,1.5,Drizzle
2022-12-30,5.6,90.2,32.6,993.4,1.9,Drizzle
2022-12-31,6.1,74.5,26.9,1025.4,0.3,Drizzle
2023-01-01,7.6,96.3,34.0,1010.7,0.6,Drizzle
2023-01-02,12.0,100.0,32.2,1010.2,0.8,Drizzle
2023-01-03,7.0,97.5,35.7,1007.6,0.4,Drizzle
2023-01-04,7.1,100.0,36.7,1014.3,0.3,Drizzle
2023-01-05,8.4,92.0,31.3,1020.4,0.3,Drizzle
2023-01-06,12.2,90.3,33.5,1005.8,0.0,Cloudy
2023-01-07,16.0,83.6,29.3,1020.7,0.7,Drizzle
2023-01-08,6.9,97.3,,1010.7,0.5,Drizzle
2023-01-09,8.7,79.6,30.1,1003.1,0.7,Drizzle
2023-01-10,8.2,86.3,32.6,1010.4,0.2,Drizzle
2023-01-11,4.6,75.6,26.9,1009.6,0.0,Partly Cloudy
2023-01-12,7.2,90.1,30.1,1002.9,0.9,Drizzle
2023-01-13,9.5,74.2,27.0,1017.5,0.1,Drizzle
2023-01-14,9.5,79.4,25.7,1009.2,0.5,Drizzle
2023-01-15,15.4,72.6,26.0,993.6,0.3,Drizzle
2023-01-16,20.4,73.9,40.8,1013.1,0.1,Drizzle
2023-01-17,4.6,97.4,42.4,1012.0,0.0,Partly Cloudy
2023-01-18,11.9,80.3,29.4,1010.8,0.4,Drizzle
2023-01-19,13.4,79.1,27.6,1008.8,0.0,Partly Cloudy
2023-01-20,12.8,78.6,31.7,1007.5,0.2,Drizzle
2023-01-21,15.5,84.2,25.1,1009.2,0.3,Drizzle
2023-01-22,12.3,80.9,29.7,1006.1,0.3,Drizzle
2023-01-23,9.1,84.5,32.3,1013.2,0.2,Drizzle
2023-01-24,14.3,76.6,27.6,1012.2,0.7,Drizzle
2023-01-25,8.1,72.3,34.6,1010.5,0.5,Drizzle
2023-01-26,8.6,69.3,26.6,1030.9,0.2,Partly Cloudy
2023-01-27,13.8,77.0,26.9,1024.2,0.5,Drizzle
2023-01-28,10.2,85.7,27.4,1011.0,0.3,Drizzle
2023-01-29,12.5,83.1,33.7,1010.6,2.1,Drizzle
2023-01-30,10.1,,27.4,1006.9,0.2,Drizzle
2023-01-31,10.1,88.0,24.4,999.4,0.3,Drizzle
2023-02-01,10.0,78.0,24.3,1014.0,0.5,Drizzle
2023-02-02,13.7,73.6,33.0,1025.2,0.4,Drizzle
2023-02-03,9.7,70.9,31.2,1017.4,1.1,Drizzle
2023-02-04,7.1,66.1,25.2,1008.8,1.1,Cloudy
2023-02-05,15.4,96.3,24.5,998.4,0.4,Drizzle
2023-02-06,17.4,84.9,31.1,1022.1,0.5,Drizzle
2023-02-07,7.6,88.9,27.2,1017.3,0.6,Drizzle
2023-02-08,12.6,86.8,25.2,1009.4,0.4,Drizzle
2023-02-09,20.2,83.7,25.6,1017.4,0.1,Drizzle
2023-02-10,12.4,88.4,25.6,1003.4,0.0,Cloudy
2023-02-11,14.2,78.5,23.8,1016.6,0.9,Drizzle
2023-02-12,15.3,85.9,23.8,1015.1,0.2,Drizzle
2023-02-13,14.0,78.5,26.9,1011.8,0.2,Drizzle
2023-02-14,22.9,68.4,26.5,1009.6,0.1,Cloudy
2023-02-15,12.4,71.9,27.2,1005.1,1.0,Drizzle
2023-02-16,13.8,89.2,35.8,1010.3,0.4,Drizzle
2023-02-17,8.1,78.1,27.5,1008.8,0.3,Drizzle
2023-02-18,18.8,73.7,22.9,1015.8,0.7,Drizzle
2023-02-19,18.3,66.3,22.1,997.9,0.4,Sunny
2023-02-20,16.8,81.2,36.3,1001.9,1.9,Drizzle
2023-02-21,19.9,85.1,35.5,1002.1,1.4,Drizzle
2023-02-22,12.3,100.0,23.4,1026.8,0.3,Drizzle
2023-02-23,10.6,86.4,39.8,1014.3,0.5,Drizzle
2023-02-24,14.2,66.4,21.5,1009.7,0.2,Sunny
2023-02-25,15.4,85.7,28.2,1004.1,0.8,Drizzle
2023-02-26,18.2,77.1,24.4,996.3,1.3,Drizzle
2023-02-27,12.6,91.3,23.6,1014.9,0.4,Drizzle
2023-02-28,17.8,90.4,22.2,1024.1,1.1,Drizzle
2023-03-01,18.8,64.0,21.0,1020.9,0.3,Sunny
2023-03-02,16.5,,21.8,1001.8,0.1,Drizzle
2023-03-03,14.7,92.1,27.6,1007.3,1.1,Drizzle
2023-03-04,16.9,75.8,20.4,1020.9,0.2,Drizzle
2023-03-05,15.2,80.3,30.3,1000.0,0.0,Cloudy
2023-03-06,12.5,72.5,24.5,995.7,0.0,Cloudy
2023-03-07,18.0,78.8,21.6,996.2,1.4,Drizzle
2023-03-08,19.4,74.8,27.4,1016.0,0.2,Drizzle
2023-03-09,22.2,92.1,23.9,1006.0,0.1,Drizzle
2023-03-10,16.7,87.6,21.9,1010.6,1.2,Drizzle
2023-03-11,15.9,93.6,20.7,1027.5,0.0,Sunny
2023-03-12,13.9,91.7,21.3,1007.5,0.6,Drizzle
2023-03-13,11.9,91.8,33.1,1000.6,0.6,Drizzle
2023-03-14,20.3,81.1,26.0,1003.9,1.1,Drizzle
2023-03-15,19.2,87.1,19.6,998.4,0.4,Drizzle
2023-03-16,31.7,62.1,29.7,1008.6,0.3,Sunny
2023-03-17,21.3,75.6,22.7,999.5,1.3,Drizzle
2023-03-18,22.6,77.7,19.9,1023.1,0.7,Drizzle
2023-03-19,24.4,78.4,23.3,1013.1,1.3,Drizzle
2023-03-20,20.2,57.3,19.7,1010.0,1.2,Sunny
2023-03-21,25.2,83.9,29.7,1006.9,0.0,Cloudy
2023-03-22,18.9,89.2,20.9,1016.3,0.0,Sunny
2023-03-23,22.3,69.9,27.8,1004.7,0.8,Cloudy
2023-03-24,23.9,50.7,19.9,1006.3,0.6,Partly Cloudy
2023-03-25,20.1,70.8,29.0,1018.5,0.1,Drizzle
2023-03-26,23.0,72.7,21.5,996.1,0.0,Partly Cloudy
2023-03-27,24.8,68.5,18.5,1001.2,0.3,Partly Cloudy
2023-03-28,19.7,,29.8,1011.4,0.1,Partly Cloudy
2023-03-29,20.7,73.9,19.8,997.7,0.1,Drizzle
2023-03-30,24.7,72.7,28.2,,0.5,Drizzle
2023-03-31,18.6,69.0,30.2,1007.8,0.1,Partly Cloudy
2023-04-01,22.8,67.6,21.0,1004.2,0.7,Sunny
2023-04-02,19.8,57.3,33.6,1004.3,0.1,Sunny
2023-04-03,29.3,78.7,18.7,1010.7,0.8,Drizzle
2023-04-04,24.6,68.9,23.4,1029.9,0.4,Partly Cloudy
2023-04-05,22.8,82.0,16.2,1017.3,0.2,Drizzle
2023-04-06,26.8,73.3,20.0,1013.8,0.1,Drizzle
2023-04-07,25.1,74.4,16.3,998.4,1.1,Drizzle
2023-04-08,24.3,79.1,17.3,1001.7,0.3,Drizzle
2023-04-09,30.2,73.3,16.5,1002.3,0.4,Drizzle
2023-04-10,31.6,63.2,27.5,1010.0,0.1,Sunny
2023-04-11,28.5,79.3,32.2,993.0,,Drizzle
2023-04-12,27.2,59.9,20.3,1001.6,0.8,Sunny
2023-04-13,26.5,,19.8,1002.3,0.1,Drizzle
2023-04-14,22.3,88.9,17.3,1001.9,0.3,Drizzle
2023-04-15,33.1,78.8,17.2,1000.8,0.0,Partly Cloudy
2023-04-16,26.3,80.8,19.5,1006.7,,Drizzle
2023-04-17,21.5,61.7,18.3,1008.5,0.7,Partly Cloudy
2023-04-18,27.0,45.4,19.8,999.1,0.2,Sunny
2023-04-19,27.4,59.3,26.4,1008.1,0.7,Sunny
2023-04-20,24.1,61.1,16.1,1011.3,0.6,Partly Cloudy
2023-04-21,28.8,69.8,15.1,,0.4,Sunny
2023-04-22,30.2,68.8,22.6,1014.0,0.1,Sunny
2023-04-23,27.2,78.6,18.9,1000.8,1.3,Drizzle
2023-04-24,33.6,76.0,26.4,1019.3,0.4,Drizzle
2023-04-25,25.1,74.2,15.2,998.6,0.8,Drizzle
2023-04-26,28.9,66.9,16.8,1017.8,1.0,Partly Cloudy
2023-04-27,25.1,63.8,13.5,1006.0,0.1,Sunny
2023-04-28,27.0,68.3,15.3,1017.6,0.5,Partly Cloudy
2023-04-29,30.3,74.8,16.1,1006.5,,Drizzle
2023-04-30,30.7,77.5,18.9,1025.1,1.5,Drizzle
2023-05-01,30.8,52.8,35.2,1009.2,0.3,Partly Cloudy
2023-05-02,33.1,85.3,13.6,1008.4,0.5,Drizzle
2023-05-03,29.6,82.6,21.7,1012.8,0.4,Drizzle
2023-05-04,32.8,83.1,27.9,1008.5,0.6,Drizzle
2023-05-05,27.3,74.2,12.8,1015.7,0.3,Drizzle
2023-05-06,24.4,85.4,14.8,1009.5,1.4,Drizzle
2023-05-07,37.1,67.5,14.6,1010.3,0.2,Cloudy
2023-05-08,31.3,85.1,12.6,1005.8,0.0,Cloudy
2023-05-09,29.8,78.8,15.9,1006.8,0.6,Drizzle
2023-05-10,29.6,69.2,17.3,1012.4,0.4,Sunny
2023-05-11,28.2,68.0,18.7,1011.3,0.5,Partly Cloudy
2023-05-12,32.8,80.2,13.6,1016.2,0.8,Drizzle
2023-05-13,33.6,56.9,15.3,1001.3,0.3,Partly Cloudy
2023-05-14,32.5,69.3,12.5,1007.4,0.7,Cloudy
2023-05-15,35.5,66.7,12.1,995.5,0.3,Partly Cloudy
2023-05-16,37.4,78.7,17.6,1003.8,0.9,Drizzle
2023-05-17,32.3,60.9,28.3,1005.0,0.2,Sunny
2023-05-18,37.7,74.0,15.3,1023.7,1.0,Drizzle
2023-05-19,29.3,87.4,58.7,,0.9,Drizzle
2023-05-20,33.1,83.3,13.1,1017.3,1.9,Drizzle
2023-05-21,25.6,68.5,15.2,1008.2,0.3,Cloudy
2023-05-22,36.0,68.5,12.1,1013.5,0.1,Partly Cloudy
2023-05-23,31.2,61.1,12.7,999.0,0.2,Sunny
2023-05-24,32.8,66.8,15.7,1009.2,0.9,Cloudy
2023-05-25,36.7,70.7,23.1,998.9,0.0,Cloudy
2023-05-26,37.3,69.5,24.0,1005.8,0.0,Partly Cloudy
2023-05-27,41.7,63.8,15.5,1010.3,0.1,Sunny
2023-05-28,33.7,51.6,13.3,1009.7,1.4,Sunny
2023-05-29,35.3,77.7,13.1,,0.6,Drizzle
2023-05-30,37.5,55.0,18.2,1010.7,0.1,Partly Cloudy
2023-05-31,35.5,45.1,16.7,1000.0,0.3,Sunny
2023-06-01,33.4,67.6,10.9,1007.6,0.2,Cloudy
2023-06-02,38.6,49.5,11.0,1018.8,0.0,Sunny
2023-06-03,37.0,51.7,15.1,998.5,0.1,Partly Cloudy
2023-06-04,34.6,71.5,15.5,1012.2,0.1,Drizzle
2023-06-05,32.5,86.2,11.7,995.1,0.8,Drizzle
2023-06-06,34.9,59.0,20.9,994.9,0.4,Sunny
2023-06-07,34.2,62.4,10.5,1024.4,0.6,Partly Cloudy
2023-06-08,32.0,70.1,14.5,,0.2,Drizzle
2023-06-09,34.9,63.3,16.7,1000.9,0.4,Partly Cloudy
2023-06-10,34.7,71.8,12.1,1009.1,0.4,Drizzle
2023-06-11,33.9,69.7,13.0,1010.5,1.0,Sunny
2023-06-12,32.4,58.1,31.2,1005.4,0.4,Sunny
2023-06-13,31.4,55.8,10.2,1020.4,0.1,Sunny
2023-06-14,35.6,44.2,11.0,1008.7,0.6,Sunny
2023-06-15,38.6,61.9,10.2,1019.3,0.3,Sunny
2023-06-16,38.2,50.8,11.6,1002.7,0.1,Partly Cloudy
2023-06-17,33.7,58.1,23.5,1018.2,0.4,Partly Cloudy
2023-06-18,33.9,61.1,10.1,996.8,0.2,Sunny
2023-06-19,34.5,64.2,12.3,1003.4,0.2,Sunny
2023-06-20,39.6,64.1,11.4,996.2,0.7,Partly Cloudy
2023-06-21,31.6,55.9,10.8,1017.0,0.0,Sunny
2023-06-22,31.8,51.1,,1016.5,0.3,Sunny
2023-06-23,36.1,71.3,16.0,1012.0,0.1,Drizzle
2023-06-24,37.3,66.6,12.0,1027.8,0.5,Partly Cloudy
2023-06-25,38.3,63.1,,1024.9,,Sunny
2023-06-26,36.8,61.7,,990.8,0.0,Sunny
2023-06-27,36.9,63.3,17.9,,0.8,Sunny
2023-06-28,32.5,58.1,20.5,1012.5,1.0,Sunny
2023-06-29,28.3,78.8,18.4,998.9,1.3,Drizzle
2023-06-30,31.0,82.9,17.2,1018.8,0.7,Drizzle
2023-07-01,33.3,78.5,38.7,1005.7,0.1,Drizzle
2023-07-02,34.5,66.4,10.5,1006.8,0.4,Cloudy
2023-07-03,35.3,65.7,,1008.3,2.3,Cloudy
2023-07-04,32.8,76.7,15.4,1010.6,0.5,Drizzle
2023-07-05,38.8,58.9,29.8,990.0,0.5,Sunny
2023-07-06,35.2,61.1,18.3,989.6,0.2,Partly Cloudy
2023-07-07,30.9,57.8,11.7,1017.0,0.4,Sunny
2023-07-08,30.7,75.7,13.3,1007.9,1.2,Drizzle
2023-07-09,34.9,50.2,13.2,1015.0,0.1,Partly Cloudy
2023-07-10,31.7,57.6,18.2,1006.7,1.1,Partly Cloudy
2023-07-11,29.0,75.1,14.9,993.2,0.1,Drizzle
2023-07-12,34.7,80.9,13.0,,0.3,Drizzle
2023-07-13,41.8,51.2,10.9,1019.2,0.3,Sunny
2023-07-14,29.0,52.0,11.4,1003.8,1.2,Sunny
2023-07-15,32.7,67.2,24.2,1025.1,0.7,Cloudy
2023-07-16,32.8,64.8,16.6,1012.9,0.1,Sunny
2023-07-17,38.5,48.2,11.5,1014.5,0.4,Sunny
2023-07-18,30.5,64.8,11.1,1009.3,0.6,Sunny
2023-07-19,34.0,72.8,17.6,1029.5,,Drizzle
2023-07-20,32.0,82.9,16.9,1000.3,0.3,Drizzle
2023-07-21,32.4,83.8,18.8,1012.4,1.6,Drizzle
2023-07-22,31.8,55.9,13.6,1021.1,0.5,Partly Cloudy
2023-07-23,34.4,50.4,12.2,1002.0,0.3,Sunny
2023-07-24,35.7,53.9,19.7,1004.1,0.2,Sunny
2023-07-25,41.1,60.1,14.1,1003.8,0.4,Sunny
2023-07-26,28.4,58.2,16.4,993.4,0.3,Sunny
2023-07-27,35.2,49.9,22.3,1012.9,0.0,Sunny
2023-07-28,31.0,81.0,24.8,1015.5,0.2,Drizzle
2023-07-29,25.2,80.6,11.7,1018.7,0.4,Drizzle
2023-07-30,37.2,63.2,12.5,1007.8,0.0,Partly Cloudy
2023-07-31,26.4,81.5,21.2,996.0,0.0,Cloudy
2023-08-01,36.0,51.3,14.8,1017.1,0.7,Sunny
2023-08-02,32.2,54.7,15.8,1022.7,0.1,Sunny
2023-08-03,32.4,58.4,17.0,1000.4,0.3,Sunny
2023-08-04,36.8,66.9,15.1,1017.5,,Sunny
2023-08-05,33.2,77.4,18.5,999.5,0.3,Drizzle
2023-08-06,36.9,70.3,14.6,1002.5,0.4,Drizzle
2023-08-07,28.1,76.7,15.5,992.2,0.6,Drizzle
2023-08-08,28.3,59.4,18.1,1021.9,0.3,Sunny
2023-08-09,36.8,57.3,26.6,1013.1,1.2,Sunny
2023-08-10,28.1,78.2,18.5,1010.7,0.7,Drizzle
2023-08-11,30.6,76.3,14.6,997.5,0.1,Drizzle
2023-08-12,27.8,52.2,17.0,1018.7,0.2,Sunny
2023-08-13,28.6,73.0,15.0,1004.6,0.1,Drizzle
2023-08-14,27.4,67.2,15.1,1008.9,0.3,Partly Cloudy
2023-08-15,35.3,46.9,14.6,1025.4,0.3,Sunny
2023-08-16,25.8,100.0,26.4,1004.3,0.9,Drizzle
2023-08-17,27.6,91.2,16.5,1013.2,1.6,Drizzle
2023-08-18,24.3,83.5,,1019.8,0.5,Drizzle
2023-08-19,34.6,64.5,21.0,1012.4,0.4,Partly Cloudy
2023-08-20,25.9,71.7,14.9,999.8,0.4,Drizzle
2023-08-21,23.9,81.3,17.7,1022.8,2.8,Drizzle
2023-08-22,25.1,67.0,25.5,1006.8,0.4,Sunny
2023-08-23,28.6,,15.2,1002.0,0.8,Drizzle
2023-08-24,35.0,56.5,14.7,1010.4,0.3,Partly Cloudy
2023-08-25,30.2,90.1,47.6,1017.6,0.2,Drizzle
2023-08-26,21.3,83.7,15.7,1005.7,0.8,Drizzle
2023-08-27,29.6,68.5,19.1,1022.2,0.4,Partly Cloudy
2023-08-28,26.4,96.2,15.5,1003.6,0.5,Drizzle
2023-08-29,25.3,72.1,18.6,1016.3,0.2,Drizzle
2023-08-30,26.6,68.6,29.4,1013.1,0.1,Partly Cloudy
2023-08-31,26.7,58.9,16.2,1017.7,0.6,Sunny
2023-09-01,28.7,83.7,18.2,999.9,1.3,Drizzle
2023-09-02,24.9,63.6,17.4,1007.2,0.3,Sunny
2023-09-03,23.9,78.6,23.4,1022.5,0.0,Cloudy
2023-09-04,24.9,75.1,22.6,1000.5,0.3,Drizzle
2023-09-05,25.2,51.8,28.4,1001.2,0.2,Sunny
2023-09-06,19.0,85.3,24.6,1016.3,0.4,Drizzle
2023-09-07,27.6,57.3,26.1,1012.7,0.4,Sunny
2023-09-08,25.4,73.6,25.7,997.9,0.1,Drizzle
2023-09-09,20.2,80.9,19.8,1021.7,0.4,Drizzle
2023-09-10,23.7,74.8,24.8,999.2,0.1,Drizzle
2023-09-11,28.0,72.2,28.1,1022.5,0.5,Drizzle
2023-09-12,27.0,53.7,19.4,1001.8,0.3,Sunny
2023-09-13,28.1,54.4,27.6,1012.7,0.1,Sunny
2023-09-14,27.7,89.0,26.0,1012.5,1.7,Drizzle
2023-09-15,23.8,68.7,23.2,1009.9,0.2,Partly Cloudy
2023-09-16,23.0,69.0,21.3,1013.1,0.4,Partly Cloudy
2023-09-17,30.3,80.4,17.8,1019.2,0.4,Drizzle
2023-09-18,23.8,79.0,22.8,1017.9,0.5,Drizzle
2023-09-19,25.0,70.0,18.0,1011.0,0.3,Partly Cloudy
2023-09-20,24.8,,23.1,999.7,0.1,Sunny
2023-09-21,21.9,86.8,23.1,1005.0,0.4,Drizzle
2023-09-22,18.5,83.5,22.2,1022.2,0.4,Drizzle
2023-09-23,23.1,60.6,22.2,1021.8,1.4,Cloudy
2023-09-24,18.8,75.8,20.8,998.0,1.1,Drizzle
2023-09-25,21.1,79.3,33.0,983.4,0.9,Drizzle
2023-09-26,20.1,81.6,25.4,1005.4,0.1,Drizzle
2023-09-27,14.9,90.6,19.9,994.7,0.4,Drizzle
2023-09-28,18.7,76.6,22.4,1005.8,1.0,Drizzle
2023-09-29,18.9,71.2,35.2,1009.3,0.1,Drizzle
2023-09-30,19.1,79.4,26.7,1017.7,0.9,Drizzle
2023-10-01,13.7,83.7,26.4,993.2,1.4,Drizzle
2023-10-02,22.4,62.2,31.4,,0.8,Partly Cloudy
2023-10-03,17.2,86.7,19.9,997.3,0.4,Drizzle
2023-10-04,15.8,64.9,23.8,1005.5,0.1,Cloudy
2023-10-05,17.9,88.0,31.3,1010.4,0.6,Drizzle
2023-10-06,17.5,83.3,20.9,1017.1,0.6,Drizzle
2023-10-07,14.4,70.5,23.5,1014.9,0.2,Drizzle
2023-10-08,21.4,55.8,29.9,1008.6,0.1,Partly Cloudy
2023-10-09,18.4,100.0,24.3,,0.4,Drizzle
2023-10-10,14.3,69.9,,1010.2,0.0,Sunny
2023-10-11,15.6,82.2,22.2,1015.5,1.6,Drizzle
2023-10-12,24.4,69.0,25.1,1012.7,0.4,Partly Cloudy
2023-10-13,21.3,68.3,33.5,1024.6,0.8,Partly Cloudy
2023-10-14,17.5,80.0,23.1,1007.0,0.2,Drizzle
2023-10-15,17.0,81.7,26.4,1003.3,1.2,Drizzle
2023-10-16,19.1,82.6,26.5,1017.2,0.5,Drizzle
2023-10-17,14.8,76.0,25.6,999.8,0.8,Drizzle
2023-10-18,15.8,68.8,23.7,1015.3,0.7,Partly Cloudy
2023-10-19,15.5,86.2,27.9,1016.4,0.9,Drizzle
2023-10-20,19.2,68.4,24.3,1015.8,0.3,Cloudy
2023-10-21,12.5,93.7,31.0,1023.2,0.5,Drizzle
2023-10-22,8.2,86.2,40.1,1007.4,,Drizzle
2023-10-23,8.2,79.0,29.5,1010.8,0.1,Drizzle
2023-10-24,11.7,77.9,28.8,1003.1,0.1,Drizzle
2023-10-25,14.2,71.7,23.1,1016.2,0.2,Drizzle
2023-10-26,19.4,94.7,25.9,1033.6,0.7,Drizzle
2023-10-27,11.1,85.8,28.7,1000.0,0.2,Drizzle
2023-10-28,16.9,87.1,27.5,1013.3,0.4,Drizzle
2023-10-29,19.6,90.4,29.6,1016.8,0.3,Drizzle
2023-10-30,15.3,61.1,24.4,1020.3,0.0,Cloudy
2023-10-31,7.7,100.0,25.3,1020.5,0.7,Drizzle
2023-11-01,15.2,74.1,34.8,1018.9,0.4,Drizzle
2023-11-02,11.5,56.1,33.1,993.5,0.4,Sunny
2023-11-03,7.1,81.3,25.8,1002.4,0.2,Drizzle
2023-11-04,7.5,92.7,30.0,997.2,1.1,Drizzle
2023-11-05,14.5,90.5,32.2,1015.0,0.3,Drizzle
2023-11-06,13.4,76.7,23.8,1009.3,0.4,Drizzle
2023-11-07,13.3,81.9,28.6,1022.5,0.2,Drizzle
2023-11-08,12.5,78.5,34.1,1011.6,0.3,Drizzle
2023-11-09,10.4,97.3,25.3,1003.5,0.1,Drizzle
2023-11-10,16.5,88.6,25.4,1020.3,0.4,Drizzle
2023-11-11,4.0,78.4,28.2,1007.7,0.3,Drizzle
2023-11-12,12.5,93.9,30.7,991.8,0.9,Drizzle
2023-11-13,6.0,92.1,26.5,1014.1,0.2,Drizzle
2023-11-14,6.8,90.0,31.6,1011.8,0.2,Drizzle
2023-11-15,7.5,86.5,25.4,1000.7,,Drizzle
2023-11-16,11.9,69.4,43.5,1023.0,0.0,Partly Cloudy
2023-11-17,21.3,93.0,28.5,993.1,0.4,Drizzle
2023-11-18,6.5,66.1,45.9,1016.1,0.2,Sunny
2023-11-19,12.1,79.0,32.0,1005.3,1.0,Drizzle
2023-11-20,12.5,76.4,31.9,1025.1,0.3,Drizzle
2023-11-21,14.3,88.1,28.0,1014.8,0.0,Cloudy
2023-11-22,10.3,98.6,38.9,1011.7,0.1,Drizzle
2023-11-23,9.6,76.4,41.4,1020.4,0.2,Drizzle
2023-11-24,5.4,89.0,26.4,1009.9,0.5,Drizzle
2023-11-25,6.4,66.6,53.2,1006.9,0.8,Partly Cloudy
2023-11-26,13.3,77.3,29.8,1018.5,,Drizzle
2023-11-27,9.4,88.7,29.8,993.1,1.7,Drizzle
2023-11-28,9.9,92.5,27.0,1009.9,0.0,Cloudy
2023-11-29,1.6,89.3,27.5,1012.2,0.1,Drizzle
2023-11-30,11.2,92.9,26.9,1023.6,0.6,Drizzle
2023-12-01,-0.3,82.7,30.2,1003.0,0.0,Cloudy
2023-12-02,6.4,89.3,26.8,994.9,0.2,Drizzle
2023-12-03,15.6,97.2,31.8,1024.7,1.1,Drizzle
2023-12-04,10.6,94.2,37.5,1001.5,0.1,Drizzle
2023-12-05,5.6,88.8,27.1,1012.7,0.7,Drizzle
2023-12-06,8.1,86.9,39.2,1012.2,0.9,Drizzle
2023-12-07,8.1,97.3,34.2,1003.4,0.6,Drizzle
2023-12-08,5.9,95.6,32.5,1010.6,0.2,Drizzle
2023-12-09,12.2,79.0,30.6,1007.5,0.1,Drizzle
2023-12-10,6.2,94.9,39.3,1012.3,0.3,Drizzle
2023-12-11,8.5,100.0,27.9,998.0,0.3,Drizzle
2023-12-12,9.3,71.5,26.7,999.2,0.1,Drizzle
2023-12-13,4.7,91.0,26.3,1007.2,0.1,Drizzle
2023-12-14,9.0,83.0,29.8,1018.3,0.5,Drizzle
2023-12-15,8.7,98.9,36.2,993.8,1.6,Drizzle
2023-12-16,5.4,75.6,36.8,1015.7,0.0,Partly Cloudy
2023-12-17,7.5,89.5,59.3,1019.5,0.3,Drizzle
2023-12-18,3.7,90.2,28.5,1008.6,0.5,Drizzle
2023-12-19,4.0,95.8,29.2,999.0,0.7,Drizzle
2023-12-20,6.5,84.9,26.7,1010.5,0.4,Drizzle
2023-12-21,5.0,77.8,26.9,1010.7,0.7,Drizzle
2023-12-22,8.4,64.4,32.2,1021.5,0.6,Partly Cloudy
2023-12-23,10.0,94.0,27.6,1016.6,1.0,Drizzle
2023-12-24,7.5,67.5,28.6,1016.6,0.9,Sunny
2023-12-25,9.9,91.1,27.0,1007.8,0.1,Drizzle
2023-12-26,3.4,95.6,30.0,1005.7,0.4,Drizzle
2023-12-27,11.3,96.2,32.4,1009.4,0.1,Drizzle
2023-12-28,6.9,91.2,43.6,1006.8,1.2,Drizzle
2023-12-29,4.0,76.6,30.9,1010.8,0.5,Drizzle
2023-12-30,7.7,84.9,31.4,992.2,0.5,Drizzle
